"Taxa","Predictions"
"IS14446.70MUKAAXX.2.250006019",35.8662004761904
"IS14567.MRG.4.250047680",30.7846274603174
"IS21519.628NVAAXX.5.250006979",19.631246789795
"IS25522.MRG.4.250047691",16.2686227154741
"IS25523.MRG.4.250047692",16.2686227154741
"IS30898.B064FABXX.1.250009989",28.6489181965633
"IS31123.B064FABXX.1.250010001",15.6031326617827
"IS9168.70MUKAAXX.2.250006009",17.453403079756
"IS10068.C1AB3ACXX.7.250137465",14.3335487407364
"IS10189.C1AB3ACXX.7.250137466",16.7695572360972
"IS10191.C1AB3ACXX.7.250138387",19.0420840987901
"IS10876.628P7AAXX.7.250007049",17.95979679479
"IS10882.628P7AAXX.7.250007073",17.95979679479
"IS11119.628NVAAXX.5.250006899",22.8439783487721
"IS11374.70MUKAAXX.2.250006018",19.4011250263136
"IS11424.C1AB3ACXX.7.250138388",15.2374285949906
"IS11431.C1AB3ACXX.7.250138389",17.1714976984127
"IS11473.D0D0HACXX.5.250046338",29.8754243650793
"IS11619.D0D0HACXX.5.250046339",25.0285970130719
"IS11758.B064FABXX.1.250009960",25.5628556393498
"IS11919.D0D0HACXX.5.250046340",23.9529835468319
"IS11954.MRG.4.250047668",24.6412522118562
"IS11960.D0D0HACXX.5.250046081",24.6412522118562
"IS12031.C1AB3ACXX.7.250138390",21.7420269285714
"IS12106.C1AB3ACXX.7.250138391",32.2699294281764
"IS12110.70MUKAAXX.2.250006030",32.3529654789307
"IS12169.628NVAAXX.5.250006923",21.5030546767778
"IS12531.628NVAAXX.5.250006971",24.0156721428572
"IS12584.C1AB3ACXX.7.250138392",16.1470104945055
"IS12590.C1AB3ACXX.7.250138393",22.1123217849928
"IS13782.D0D0HACXX.5.250046354",16.6227455184598
"IS13791.628P7AAXX.7.250007099",16.6227455184598
"IS13827.70MUKAAXX.2.250006050",16.6227455184598
"IS13845.628NVAAXX.5.250006901",16.6227455184598
"IS13893.D0D0HACXX.5.250046355",16.6227455184598
"IS13919.D0D0HACXX.5.250046356",16.6227455184598
"IS13926.628NVAAXX.5.250006925",16.6227455184598
"IS13971.D0D0HACXX.5.250046357",16.6227455184598
"IS1398.628NVAAXX.5.250006961",35.0512702380952
"IS13989.628NVAAXX.5.250006949",16.6227455184598
"IS14010.D0D0HACXX.5.250046358",16.6227455184598
"IS14449.70MUKAAXX.2.250006046",35.8662004761904
"IS14478.70MUKAAXX.2.250006051",30.8928036383762
"IS14556.70MUKAAXX.2.250006075",29.3701022550823
"IS14564.MRG.4.250047679",35.8662004761904
"IS14635.C1AB3ACXX.7.250138422",35.9529390659106
"IS14719.MRG.4.250047681",27.5928457879096
"IS14724.C1AB3ACXX.7.250138424",18.378665043976
"IS14735.70MUKAAXX.2.250006039",21.7098248412698
"IS17149.C1AB3ACXX.7.250138425",21.4157845529733
"IS17185.C1AB3ACXX.7.250138426",21.1604244736217
"IS17195.C1AB3ACXX.7.250138427",13.6479223287823
"IS17196.C1AB3ACXX.7.250138428",19.255146923436
"IS18295.C1AB3ACXX.7.250138462",15.4992917460317
"IS18303.C1AB3ACXX.7.250138463",19.8015795097125
"IS18822.C1AB3ACXX.7.250138464",40.6929590512266
"IS19016.70MUKAAXX.2.250006066",42.8438832445332
"IS19026.628P7AAXX.7.250007103",42.8438832445332
"IS19041.70MUKAAXX.2.250006078",42.8438832445332
"IS19126.D0D0HACXX.5.250046083",42.8438832445332
"IS19132.628NVAAXX.5.250006905",42.8438832445332
"IS19153.MRG.4.250047481",42.8438832445332
"IS19262.D0D0HACXX.5.250046084",42.8438832445332
"IS19477.C1AB3ACXX.7.250138465",27.6705194627595
"IS19485.C1AB3ACXX.7.250138466",15.9502569454055
"IS19494.C1AB3ACXX.7.250138467",21.2195568799477
"IS19507.C1AB3ACXX.7.250138468",21.7643917950938
"IS19513.C1AB3ACXX.7.250138469",15.9231685042151
"IS19520.C1AB3ACXX.7.250138470",22.143726488862
"IS19946.C1AB3ACXX.7.250138479",19.614138387323
"IS19950.C1AB3ACXX.7.250138480",21.2600257936508
"IS19953.628P7AAXX.7.250007033",19.0422408188609
"IS19956.C1AB3ACXX.7.250138481",23.8936443751804
"IS19962.C1AB3ACXX.7.250138482",37.2566209535563
"IS19975.MRG.4.250047488",19.3223646100305
"IS19978.C1AB3ACXX.7.250137625",22.0335638578415
"IS19982.C1AB3ACXX.7.250137626",21.3796866067025
"IS19988.C1AB3ACXX.7.250137627",18.8265703829504
"IS19991.C1AB3ACXX.7.250137628",14.0491845466755
"IS19998.C1AB3ACXX.7.250137629",14.4810533670578
"IS20004.C1AB3ACXX.7.250137630",16.5145001300439
"IS20016.628P7AAXX.7.250007057",16.5169392954998
"IS20024.C1AB3ACXX.7.250137631",35.8134155751996
"IS20027.C1AB3ACXX.7.250137632",25.8382527447027
"IS20028.C1AB3ACXX.7.250137633",22.0888494050394
"IS20049.C1AB3ACXX.7.250137634",39.4463488888889
"IS20064.628P7AAXX.7.250007081",21.0205759175475
"IS20073.C1AB3ACXX.7.250137635",21.951738007992
"IS20087.C1AB3ACXX.7.250137636",17.7684466638917
"IS20105.C1AB3ACXX.7.250137637",23.236324086006
"IS20116.C1AB3ACXX.7.250137638",20.6741685729826
"IS20125.C1AB3ACXX.7.250137639",24.8481155551268
"IS20158.C1AB3ACXX.7.250137641",32.9341658441558
"IS20164.C1AB3ACXX.7.250137642",25.1032781746032
"IS20166.C1AB3ACXX.7.250137643",32.4972805714416
"IS20173.C1AB3ACXX.7.250137644",30.4997023935411
"IS20187.C1AB3ACXX.7.250137645",24.9305637157287
"IS20216.C1AB3ACXX.7.250137646",20.7972984080364
"IS20225.C1AB3ACXX.7.250137647",22.6425464141414
"IS20230.C1AB3ACXX.7.250137648",21.2532481096681
"IS20234.C1AB3ACXX.7.250137649",18.5685741092884
"IS20243.C1AB3ACXX.7.250137650",26.9439709793997
"IS20250.C1AB3ACXX.7.250137651",27.1980297080044
"IS20261.C1AB3ACXX.7.250137652",18.899883031746
"IS20300.C1AB3ACXX.7.250137653",27.9031361682109
"IS20307.C1AB3ACXX.7.250137654",21.7624609025383
"IS20314.C1AB3ACXX.7.250137655",24.9406248556999
"IS20328.C1AB3ACXX.7.250137656",20.4865422633651
"IS20345.C1AB3ACXX.7.250137657",18.4000289080605
"IS20348.C1AB3ACXX.7.250137658",27.1680684920635
"IS20363.C1AB3ACXX.7.250137659",17.6839371412645
"IS20364.C1AB3ACXX.7.250137660",20.644149040404
"IS20378.C1AB3ACXX.7.250137661",18.5072017486385
"IS20398.C1AB3ACXX.7.250137662",22.3180423040862
"IS20441.C1AB3ACXX.7.250137663",24.0313354338376
"IS20448.C1AB3ACXX.7.250137664",17.9086980952381
"IS20450.C1AB3ACXX.7.250137665",26.8236476064458
"IS20452.C1AB3ACXX.7.250137666",34.4219169506122
"IS20460.C1AB3ACXX.7.250137667",18.8520251637252
"IS20463.C1AB3ACXX.7.250137668",27.42297173343
"IS20488.C1AB3ACXX.7.250137669",23.8316578832279
"IS20490.C1AB3ACXX.7.250137670",26.1955097884338
"IS20492.C1AB3ACXX.7.250137671",34.4054792457543
"IS20497.C1AB3ACXX.7.250137672",21.3441172383172
"IS20498.C1AB3ACXX.7.250137673",20.6243576312576
"IS20905.C1AB3ACXX.7.250137674",15.0057316215656
"IS21015.C1AB3ACXX.7.250137675",12.71187160512
"IS21055.C1AB3ACXX.7.250137676",26.4031173969642
"IS21083.MRG.4.250047501",14.3647893484293
"IS21124.628NVAAXX.5.250006955",24.0668401647191
"IS21126.70MUKAAXX.2.250006025",18.9019117399267
"IS21139.C1AB3ACXX.7.250137677",20.2116080970652
"IS21155.C1AB3ACXX.7.250137678",13.4723166811551
"IS21160.C1AB3ACXX.7.250137679",23.9672582250182
"IS21169.C1AB3ACXX.7.250137680",17.0266902359733
"IS21309.C1AB3ACXX.7.250137682",23.2093289856882
"IS21310.C1AB3ACXX.7.250137683",25.1918334062154
"IS21323.C1AB3ACXX.7.250137684",18.5358156460206
"IS21328.C1AB3ACXX.7.250137685",36.252036975247
"IS21343.C1AB3ACXX.7.250137686",27.1757694507787
"IS21347.C1AB3ACXX.7.250137687",14.5004251106671
"IS21401.70MUKAAXX.2.250006035",11.0199672508537
"IS21403.C1AB3ACXX.7.250137688",13.5192038769528
"IS21425.70MUKAAXX.2.250006057",13.7142299045633
"IS21464.C1AB3ACXX.7.250137689",30.1826441447441
"IS21512.MRG.4.250047502",18.9800768556692
"IS21521.C1AB3ACXX.7.250137690",18.2822902958153
"IS21522.C1AB3ACXX.7.250137691",17.585004202802
"IS21535.C1AB3ACXX.7.250137692",14.9459547510822
"IS21545.C1AB3ACXX.7.250137693",17.0500103246753
"IS21546.C1AB3ACXX.7.250137694",22.6456331168831
"IS21557.C1AB3ACXX.7.250137695",16.2183023406146
"IS2156.628P7AAXX.7.250007017",19.9332075162746
"IS21565.C1AB3ACXX.7.250137696",12.5042366355115
"IS21583.C1AB3ACXX.7.250137697",12.3964346548745
"IS21631.C1AB3ACXX.7.250137698",15.7670595165945
"IS21645.MRG.4.250047503",25.5554134559884
"IS22239.70MUKAAXX.2.250006015",26.832567977134
"IS22282.628P7AAXX.7.250007059",24.5501534615385
"IS22287.628P7AAXX.7.250007083",24.5501534615385
"IS22291.70MUKAAXX.2.250006026",21.7792767671218
"IS22294.628P7AAXX.7.250007107",21.7792767671218
"IS22325.70MUKAAXX.2.250006036",15.191903157039
"IS22330.628NVAAXX.5.250006909",21.2360332338576
"IS22334.628NVAAXX.5.250006933",16.0688637223887
"IS2262.628P7AAXX.7.250007041",35.8662004761904
"IS22701.C1AB3ACXX.7.250137718",44.0637223809523
"IS22702.C1AB3ACXX.7.250137719",46.9270941758241
"IS22720.MRG.4.250047510",44.9292081585082
"IS22742.C1AB3ACXX.7.250137720",40.9983802308802
"IS22746.D1EYBACXX.1.250137752",44.1930580719281
"IS22751.D1EYBACXX.1.250137753",32.3765498701299
"IS22785.D1EYBACXX.1.250137754",33.6280500004571
"IS22789.D1EYBACXX.1.250137755",41.8648184382284
"IS22792.D1EYBACXX.1.250137756",25.3444826943057
"IS22799.MRG.4.250047511",48.3679534241445
"IS22909.70MUKAAXX.2.250006094",46.2496942415591
"IS22986.70MUKAAXX.2.250006007",33.906588051948
"IS22996.70MUKAAXX.2.250006016",33.906588051948
"IS23033.D0D0HACXX.5.250046087",29.2993891269841
"IS23048.70MUKAAXX.2.250006027",19.3756950127454
"IS23053.70MUKAAXX.2.250006037",36.8491504834055
"IS23100.628NVAAXX.5.250006957",27.3742248062113
"IS23108.D1EYBACXX.1.250137757",24.9660162712842
"IS23142.628NVAAXX.5.250006981",17.2713141202666
"IS23166.B064FABXX.1.250010004",26.3175736008436
"IS23178.628P7AAXX.7.250007037",20.3365481962482
"IS23184.D1EYBACXX.1.250137758",11.3173957867605
"IS23188.D1EYBACXX.1.250137759",16.0653304334554
"IS23216.MRG.4.250047513",13.4720048196248
"IS23225.D1EYBACXX.1.250137760",18.7150381877012
"IS23240.D1EYBACXX.1.250137761",16.981442969808
"IS23248.D1EYBACXX.1.250137762",12.0531965843702
"IS23262.D1EYBACXX.1.250137763",13.2366684440121
"IS23263.D1EYBACXX.1.250137764",11.9271342607575
"IS23275.D1EYBACXX.1.250137765",11.7819568391739
"IS23283.D1EYBACXX.1.250137766",12.9532472446377
"IS23298.D1EYBACXX.1.250137767",17.2152198484848
"IS23306.D1EYBACXX.1.250137768",14.7678523085468
"IS23308.D1EYBACXX.1.250137769",17.5653963536463
"IS23319.D1EYBACXX.1.250137770",7.99927134359105
"IS23322.D1EYBACXX.1.250137771",12.7719960894661
"IS23335.D1EYBACXX.1.250137772",14.8510990442615
"IS23341.D1EYBACXX.1.250137773",11.4548312620647
"IS23357.D1EYBACXX.1.250137774",11.0580245554772
"IS23358.D1EYBACXX.1.250137775",12.7071266339608
"IS23363.D1EYBACXX.1.250137776",16.8917966358086
"IS23366.D1EYBACXX.1.250137777",10.2088658173247
"IS23367.D1EYBACXX.1.250137778",21.4166523687424
"IS23370.D1EYBACXX.1.250137779",17.0225900263698
"IS23373.D1EYBACXX.1.250137780",15.8966948190698
"IS23375.D1EYBACXX.1.250137781",12.421061876638
"IS23376.D1EYBACXX.1.250137782",15.8497438571429
"IS23514.MRG.4.250047514",11.3846351447245
"IS23521.MRG.4.250047515",25.8494644056923
"IS23574.70MUKAAXX.2.250006059",25.8494644056923
"IS23579.MRG.4.250047516",20.2571940620491
"IS23586.MRG.4.250047517",27.475477027417
"IS23590.MRG.4.250047518",27.475477027417
"IS23601.70MUKAAXX.2.250006071",19.0929833681874
"IS23615.D1EYBACXX.1.250137783",15.118185959663
"IS23644.MRG.4.250047519",17.2276753639869
"IS23645.628P7AAXX.7.250007085",17.2276753639869
"IS23651.D1EYBACXX.1.250137784",23.6246705844156
"IS23666.628P7AAXX.7.250007109",18.0590484113664
"IS23669.628NVAAXX.5.250006911",16.4935572084599
"IS2367.70MUKAAXX.1.250006437",11.288707923425
"IS23675.D1EYBACXX.1.250137786",19.985294023754
"IS23679.D1EYBACXX.1.250137787",15.09542700999
"IS23684.MRG.4.250047520",14.3386743212343
"IS23685.D1EYBACXX.1.250137788",14.9525183710407
"IS23687.D1EYBACXX.1.250137789",18.7399287828924
"IS23693.D1EYBACXX.1.250137790",25.0939000894774
"IS23698.D1EYBACXX.1.250137792",17.4646306877679
"IS23700.D1EYBACXX.1.250137793",11.8038873139737
"IS23711.D1EYBACXX.1.250137794",15.5521413240423
"IS2379.D0D0HACXX.5.250046286",24.8859417069858
"IS2382.D0D0HACXX.5.250046287",24.8859417069858
"IS2397.D0D0HACXX.5.250046289",24.8859417069858
"IS2416.70MUKAAXX.1.250006449",24.8859417069858
"IS24283.D1EYBACXX.1.250137795",11.6034622119693
"IS24286.D1EYBACXX.1.250137797",22.788472177759
"IS24287.D1EYBACXX.1.250137798",15.4784295326896
"IS24288.D1EYBACXX.1.250137799",14.4484385673216
"IS24292.D1EYBACXX.1.250137800",19.7480230912156
"IS24294.D1EYBACXX.1.250137801",10.6594320437769
"IS2430.70MUKAAXX.1.250006461",18.5061322258632
"IS24302.D1EYBACXX.1.250137804",16.9756874953418
"IS24308.D1EYBACXX.1.250137805",17.2449932933733
"IS24309.D1EYBACXX.1.250137806",15.2015429229691
"IS24713.B064FABXX.1.250009985",21.8200917193917
"IS24775.D0D0HACXX.5.250046090",19.2212043304473
"IS24786.B064FABXX.1.250009997",19.2212043304473
"IS24875.D1EYBACXX.1.250137819",13.1283646169517
"IS25055.B064FABXX.1.250009954",14.3740267643468
"IS25098.D1EYBACXX.1.250137820",15.520514859882
"IS25506.D1EYBACXX.1.250137821",19.9755355810856
"IS25543.D1EYBACXX.1.250137822",18.2537128932602
"IS25670.D1EYBACXX.1.250137823",21.6835597037407
"IS25690.D1EYBACXX.1.250137824",18.467693750846
"IS25694.D1EYBACXX.1.250137825",19.4149563202158
"IS25702.628P7AAXX.7.250007063",26.512677346242
"IS25706.D1EYBACXX.1.250137826",14.1464185298035
"IS25708.D1EYBACXX.1.250137827",16.5149186353164
"IS25722.D1EYBACXX.1.250137828",19.6436292085692
"IS25732.MRG.4.250047538",20.5548745757431
"IS25733.B064FABXX.1.250009950",18.3677025071334
"IS25752.D1EYBACXX.1.250137829",22.0782748282122
"IS25766.D1EYBACXX.1.250137830",19.528309914884
"IS25772.D1EYBACXX.1.250137831",22.9588515012025
"IS25783.D1EYBACXX.1.250137832",19.6574734820959
"IS25784.D1EYBACXX.1.250137833",21.160692720678
"IS25798.D1EYBACXX.1.250137834",23.4016912490255
"IS25804.D1EYBACXX.1.250137835",27.2959683205683
"IS25812.D1EYBACXX.1.250137836",22.7863521350148
"IS25816.D1EYBACXX.1.250137837",14.0406406093906
"IS25836.B064FABXX.1.250010010",20.6024692720058
"IS25839.D1EYBACXX.1.250137838",17.4126379076414
"IS25848.D0D0HACXX.5.250046091",13.5739002958153
"IS25865.D1EYBACXX.1.250137839",18.4203035919636
"IS25868.D1EYBACXX.1.250137840",24.1245791913642
"IS25877.D1EYBACXX.1.250137841",24.8504557142857
"IS25888.D1EYBACXX.1.250137842",15.3600242749734
"IS25912.D1EYBACXX.1.250137843",22.589232962482
"IS25913.D1EYBACXX.1.250137844",21.3895813196803
"IS25921.D1EYBACXX.1.250137845",21.6088280017198
"IS25931.D1EYBACXX.1.250137846",17.869177101763
"IS25936.D1EYBACXX.1.250137847",11.6526908535256
"IS25945.D1EYBACXX.1.250138133",17.6101213458763
"IS25966.D1EYBACXX.1.250138134",16.1814147000385
"IS25985.D1EYBACXX.1.250138135",16.7494011090529
"IS25987.D1EYBACXX.1.250138136",18.3833103812854
"IS25989.MRG.4.250047541",14.7499451831502
"IS26000.D1EYBACXX.1.250138137",21.0610760845821
"IS26005.D1EYBACXX.1.250138138",17.8619226676248
"IS26008.D1EYBACXX.1.250138139",19.9920946209346
"IS26025.MRG.4.250047542",21.0137879949615
"IS26031.D1EYBACXX.1.250138140",18.3641569477598
"IS26056.D1EYBACXX.1.250138141",24.6541508405797
"IS26072.D1EYBACXX.1.250138142",16.4050132410824
"IS26090.D1EYBACXX.1.250138143",34.5048489569933
"IS26091.D1EYBACXX.1.250138144",27.7906785692086
"IS26101.D1EYBACXX.1.250138145",22.8557795811746
"IS26103.D1EYBACXX.1.250138146",24.4396561904762
"IS26108.D1EYBACXX.1.250138147",18.0841759760512
"IS26110.B064FABXX.1.250010016",34.7218105916306
"IS26123.D1EYBACXX.1.250138148",26.9431503551815
"IS26131.D1EYBACXX.1.250138149",22.788971324166
"IS26136.D1EYBACXX.1.250138150",22.5403982611833
"IS26137.D1EYBACXX.1.250138151",18.2581192784993
"IS26142.D1EYBACXX.1.250138152",20.9003828642763
"IS26147.D1EYBACXX.1.250138153",23.8334169285685
"IS26148.D1EYBACXX.1.250138154",18.1990195359129
"IS26198.D0D0HACXX.5.250046092",15.882195028305
"IS26222.MRG.4.250047544",18.3973434130575
"IS26224.D0D0HACXX.5.250046093",21.5459304761905
"IS26282.D1EYBACXX.1.250138155",16.3273826113711
"IS26285.D1EYBACXX.1.250138156",20.3916391053391
"IS26370.D1EYBACXX.1.250138157",14.8023215141608
"IS26376.D1EYBACXX.1.250138158",14.6115965099452
"IS26390.D1EYBACXX.1.250138159",16.7295574597625
"IS26419.D1EYBACXX.1.250138162",16.4600693057074
"IS26434.D1EYBACXX.1.250138163",16.7027200633529
"IS26485.D1EYBACXX.1.250138164",19.614302981463
"IS26516.D1EYBACXX.1.250138165",15.2611716834179
"IS26532.D1EYBACXX.1.250138166",23.5744586159919
"IS26540.D1EYBACXX.1.250138167",26.1547574614209
"IS26548.D1EYBACXX.1.250138168",19.2724078973919
"IS26565.D1EYBACXX.1.250138169",14.0732152327228
"IS26566.D1EYBACXX.1.250138170",14.3933486504182
"IS26575.D1EYBACXX.1.250138171",18.8823633035576
"IS26576.D1EYBACXX.1.250138172",15.2358693734044
"IS26579.D1EYBACXX.1.250138173",13.3570691884091
"IS26588.D1EYBACXX.1.250138174",19.8012433246753
"IS26594.D1EYBACXX.1.250138175",18.5711852002555
"IS26596.D1EYBACXX.1.250138176",19.3207382687509
"IS26598.D1EYBACXX.1.250138177",19.8799759452383
"IS26602.D1EYBACXX.1.250138178",13.47169273744
"IS26634.D1EYBACXX.1.250138179",12.6582598124064
"IS26635.D1EYBACXX.1.250138180",15.1208616994117
"IS26638.D1EYBACXX.1.250138181",13.8237416241008
"IS26641.D1EYBACXX.1.250138182",17.819937008325
"IS26837.D1EYBACXX.1.250138185",34.9063730899334
"IS27071.D1EYBACXX.1.250138191",19.5894214919984
"IS27087.D1EYBACXX.1.250138192",16.6145884295117
"IS27100.D1EYBACXX.1.250138193",20.5594297569098
"IS27123.D1EYBACXX.1.250138194",25.481333069192
"IS27129.D1EYBACXX.1.250138195",19.8510599672876
"IS27132.D1EYBACXX.1.250138196",23.9739887756051
"IS27137.D1EYBACXX.1.250138197",18.1966719828864
"IS27139.D1EYBACXX.1.250138198",14.7367827172827
"IS27146.70MUKAAXX.1.250006389",25.9245118520695
"IS27156.D1EYBACXX.1.250138199",24.1174476165207
"IS27164.70MUKAAXX.1.250006426",19.7990023603578
"IS27165.D1EYBACXX.1.250138200",15.9371309279609
"IS27167.D1EYBACXX.1.250138201",27.7999320486943
"IS27169.D1EYBACXX.1.250138202",23.3599967182817
"IS27179.D1EYBACXX.1.250138203",22.5582675209975
"IS27215.D1EYBACXX.1.250138204",13.9918374766279
"IS27222.D1EYBACXX.1.250138205",22.3303237240537
"IS27233.D1EYBACXX.1.250138206",15.7408829429635
"IS27253.D1EYBACXX.1.250138207",23.8132904761905
"IS27287.D0D0HACXX.5.250046095",18.4359291077409
"IS27292.D1EYBACXX.1.250138208",18.7039792258046
"IS27336.D1EYBACXX.1.250138209",20.999817005772
"IS27387.D1EYBACXX.1.250138210",18.9990517726861
"IS27393.D1EYBACXX.1.250138211",20.5744055851138
"IS27490.70MUKAAXX.1.250006429",14.5299498124098
"IS27502.D1EYBACXX.1.250138212",18.4578179309719
"IS27527.D1EYBACXX.1.250138213",21.503398958264
"IS27557.MRG.4.250047552",18.3594871310911
"IS27587.B064FABXX.1.250009955",37.5852814285714
"IS27599.B064FABXX.1.250009967",30.5555552224639
"IS27680.D1EYBACXX.1.250138214",13.5619690779221
"IS27697.MRG.4.250047553",19.0151647387549
"IS27708.D1EYBACXX.1.250138215",25.1045068339438
"IS27717.D1EYBACXX.1.250138216",21.4844812236652
"IS27726.D1EYBACXX.1.250138217",19.9209367821068
"IS27736.D1EYBACXX.1.250138218",19.1877207281216
"IS27740.D1EYBACXX.1.250138219",14.0195773981574
"IS27766.D1EYBACXX.1.250138220",18.3290625624337
"IS27775.D1EYBACXX.1.250138221",19.5629044101454
"IS27855.B064FABXX.1.250009999",22.6451555988456
"IS27858.D1EYBACXX.1.250138222",13.4474757217227
"IS27859.D1EYBACXX.1.250138223",14.6369521969534
"IS27887.MRG.4.250047555",19.4541673593074
"IS27912.MRG.4.250047556",13.6055968059264
"IS29187.MRG.4.250047567",10.7125134890273
"IS29228.D1EYBACXX.1.250138011",17.697966317041
"IS29233.70MUKAAXX.1.250006441",13.2808977796666
"IS29239.MRG.4.250047569",13.2808977796666
"IS29241.MRG.4.250047570",13.2808977796666
"IS29304.MRG.4.250047572",10.7125134890273
"IS29310.70MUKAAXX.1.250006453",21.5224165223665
"IS29314.MRG.4.250047573",21.5224165223665
"IS29326.MRG.4.250047605",13.2808977796666
"IS29335.MRG.4.250047606",13.2808977796666
"IS29358.MRG.4.250047607",17.9027214257337
"IS29392.MRG.4.250047608",17.811655959596
"IS29407.70MUKAAXX.1.250006382",19.4790145135257
"IS29409.70MUKAAXX.1.250006390",19.4790145135257
"IS29441.MRG.4.250047609",14.4315259278978
"IS29468.MRG.4.250047610",14.1331888576745
"IS29472.B064FABXX.1.250009983",14.1331888576745
"IS29496.70MUKAAXX.1.250006398",23.5980148321854
"IS29565.MRG.4.250047612",17.686747595132
"IS29568.MRG.4.250047613",17.686747595132
"IS29569.70MUKAAXX.1.250006410",17.686747595132
"IS29582.MRG.4.250047614",17.686747595132
"IS29685.D1EYBACXX.1.250138013",18.840225572264
"IS29689.MRG.4.250047618",18.9440150854701
"IS29691.70MUKAAXX.1.250006442",18.9440150854701
"IS29714.MRG.4.250047619",41.4985385464535
"IS29733.MRG.4.250047620",15.2889989199689
"IS29757.D1EYBACXX.1.250138014",19.1194109201395
"IS29772.MRG.4.250047621",12.6323028715729
"IS29798.D0D0HACXX.5.250046098",14.6981867149517
"IS29808.D1EYBACXX.1.250138015",12.0136724378041
"IS29838.D1EYBACXX.1.250138016",14.6357044255744
"IS29856.D1EYBACXX.1.250138017",13.1691403840604
"IS29860.D1EYBACXX.1.250138018",19.6195842335442
"IS29866.D1EYBACXX.1.250138019",19.1239804301254
"IS29870.B064FABXX.1.250010000",24.8488553818696
"IS29872.70MUKAAXX.1.250006454",24.8488553818696
"IS29876.70MUKAAXX.1.250006466",24.8488553818696
"IS29911.70MUKAAXX.1.250006383",20.3915046534693
"IS29914.MRG.4.250047622",20.3915046534693
"IS29950.MRG.4.250047623",24.091841999112
"IS29966.B064FABXX.1.250010012",24.8488553818696
"IS29977.D0D0HACXX.5.250046099",24.8488553818696
"IS30024.D1EYBACXX.1.250138020",22.7871040703741
"IS30079.MRG.4.250047624",23.9357207316103
"IS30092.MRG.4.250047625",24.8196054872905
"IS30095.D1EYBACXX.1.250138021",23.8891791156592
"IS30122.D1EYBACXX.1.250138022",18.138453914778
"IS30145.D1EYBACXX.1.250138023",25.7169181381364
"IS30175.70MUKAAXX.1.250006391",15.5933078414461
"IS30205.D0D0HACXX.5.250046101",23.1619237872397
"IS30207.B064FABXX.1.250010024",23.1619237872397
"IS30213.D1EYBACXX.1.250138024",21.1624321101774
"IS30572.MRG.4.250047640",19.9661822713953
"IS30619.B064FABXX.1.250009957",39.7557821855922
"IS3073.628P7AAXX.7.250007019",29.9451653174603
"IS30748.B064FABXX.1.250009968",19.1551916233766
"IS3075.C1AB3ACXX.7.250137273",29.7700505555555
"IS30838.MRG.4.250047641",21.3071774076507
"IS30855.D1EYBACXX.1.250138039",17.0085477835778
"IS30858.D1EYBACXX.1.250138040",15.7617550678124
"IS30860.D1EYBACXX.1.250138041",14.5413616241945
"IS30864.D1EYBACXX.1.250138042",17.7259584075677
"IS30867.D1EYBACXX.1.250138043",18.88532201475
"IS30868.D1EYBACXX.1.250138044",31.0659852447087
"IS31043.MRG.4.250047642",20.8734483749584
"IS31179.B064FABXX.1.250010013",14.5511043838384
"IS31186.MRG.4.250047643",18.251802965368
"IS31202.B064FABXX.1.250009940",22.9467666301438
"IS31299.B064FABXX.1.250009980",16.189442590924
"IS31446.MRG.4.250047644",12.9261837426189
"IS31533.B064FABXX.1.250009958",15.9975307669128
"IS31557.MRG.4.250047645",19.4752951082251
"IS31559.70MUKAAXX.1.250006419",13.3324106307092
"IS31666.D1EYBACXX.1.250138045",12.7483688651699
"IS32569.70MUKAAXX.1.250006400",43.3822838380814
"IS32571.D1EYBACXX.1.250138068",27.6270085130556
"IS32685.D1EYBACXX.1.250138069",30.200672938002
"IS32754.MRG.4.250047697",37.006262063492
"IS32986.B064FABXX.1.250009969",27.3742248062113
"IS33023.MRG.4.250047654",11.6245409947548
"IS33173.B064FABXX.1.250009991",42.759831951382
"IS33178.B064FABXX.1.250010003",18.0083107215007
"IS33209.B064FABXX.1.250010015",21.2688787587051
"IS33242.D1EYBACXX.1.250138070",20.3877759002109
"IS33261.70MUKAAXX.1.250006427",17.6467711888054
"IS34226.D1EYBACXX.1.250138084",22.6787131714119
"IS3443.70MUKAAXX.1.250006462",31.4594021428571
"IS3457.C1AB3ACXX.7.250137275",22.5157645013927
"IS34778.D1EYBACXX.1.250138085",20.6873831113331
"IS34781.D1EYBACXX.1.250138086",17.3361450577201
"IS34814.D1EYBACXX.1.250138087",18.6888141838863
"IS34840.D1EYBACXX.1.250138088",14.9800754404226
"IS34851.D1EYBACXX.1.250138089",12.7151495925186
"IS34860.D1EYBACXX.1.250138090",18.8858918323961
"IS34895.D1EYBACXX.1.250138091",22.1069202813853
"IS34901.D1EYBACXX.1.250138092",14.6261905233655
"IS34906.D1EYBACXX.1.250138093",17.7535916738817
"IS34908.D1EYBACXX.1.250138094",20.1533895548487
"IS34909.D1EYBACXX.1.250138095",15.8909094691274
"IS34913.D1EYBACXX.1.250138096",18.7701866461316
"IS34928.D1EYBACXX.1.250138097",16.4799077518277
"IS34938.D1EYBACXX.1.250138098",17.2242173686723
"IS34939.D1EYBACXX.1.250138099",17.3379507712463
"IS34947.D1EYBACXX.1.250138100",18.174336083846
"IS34954.D1EYBACXX.1.250138101",14.3955694888407
"IS34965.D1EYBACXX.1.250138260",15.4756045108187
"IS34976.D1EYBACXX.1.250138261",24.9236082532088
"IS3507.70MUKAAXX.1.250006474",31.4594021428571
"IS3511.628P7AAXX.7.250007043",40.1978454578755
"IS35170.D1EYBACXX.1.250138262",18.1270665103197
"IS35427.D1EYBACXX.1.250138278",13.2822857610865
"IS35475.D1EYBACXX.1.250138280",17.5392067870932
"IS35478.D1EYBACXX.1.250138281",17.6438898601399
"IS35480.D1EYBACXX.1.250138282",18.6272099728816
"IS35483.D1EYBACXX.1.250138283",19.0174856706537
"IS35503.D1EYBACXX.1.250138284",21.0897662933671
"IS35506.D1EYBACXX.1.250138285",21.7593700131324
"IS35507.D1EYBACXX.1.250138286",17.8654298062991
"IS35509.D1EYBACXX.1.250138287",21.4572718934876
"IS35510.D1EYBACXX.1.250138288",14.8327219047619
"IS35522.D1EYBACXX.1.250138289",20.1868742664743
"IS35526.D1EYBACXX.1.250138290",17.5606376252395
"IS35553.D1EYBACXX.1.250138291",19.7139289120079
"IS35567.D1EYBACXX.1.250138292",18.9923469435271
"IS35570.D1EYBACXX.1.250138293",15.7102755822086
"IS35574.D1EYBACXX.1.250138294",20.0467517611987
"IS35579.D1EYBACXX.1.250138296",18.8777034777184
"IS35602.D1EYBACXX.1.250138297",21.1653144602999
"IS35604.D1EYBACXX.1.250138298",20.1602762637363
"IS3582.C1AB3ACXX.7.250137276",29.6951454655802
"IS3583.70MUKAAXX.1.250006387",31.4594021428571
"IS37124.D1EYBACXX.1.250138319",19.0661185160847
"IS37125.D1EYBACXX.1.250138320",15.8117595456374
"IS37127.D1EYBACXX.1.250138321",19.2821199981305
"IS37128.D1EYBACXX.1.250138322",25.2207806204906
"IS37129.D1EYBACXX.1.250138323",14.7341318947719
"IS37133.D1EYBACXX.1.250138324",13.4436874211621
"IS37134.D1EYBACXX.1.250138325",12.2395442316572
"IS37135.D1EYBACXX.1.250138326",19.7359173860845
"IS37136.D1EYBACXX.1.250138327",18.8886026984127
"IS37140.D1EYBACXX.1.250138328",12.2496381796308
"IS37146.D1EYBACXX.1.250138329",20.0896120779221
"IS37569.D1EYBACXX.1.250138332",35.1506381279831
"IS37746.D1EYBACXX.1.250138333",19.4419516852625
"IS37978.D1EYBACXX.1.250138334",27.8417236181362
"IS38021.D1EYBACXX.1.250138335",20.4395596090167
"IS38026.D1EYBACXX.1.250138336",27.4292553174603
"IS38683.D1EYBACXX.1.250138338",27.2565371376594
"IS3885.70MUKAAXX.1.250006439",23.0056387234987
"IS3905.628P7AAXX.7.250007091",23.0056387234987
"IS39453.D1EYBACXX.1.250138339",27.9167466027661
"IS39462.D1EYBACXX.1.250138340",24.7552087460317
"IS39463.D1EYBACXX.1.250138341",38.9522181351982
"IS39474.D1EYBACXX.1.250138342",31.7770163202762
"IS39496.D1EYBACXX.1.250138343",15.6563709515974
"IS39525.D1EYBACXX.1.250138344",20.3011912786431
"IS39672.D1EYBACXX.1.250138345",22.1469026558051
"IS39677.D1EYBACXX.1.250138346",17.8803585719836
"IS39713.D1EYBACXX.1.250138347",16.1501001443002
"IS39764.D1EYBACXX.1.250138348",24.2924245490805
"IS39778.D1EYBACXX.1.250138349",16.3999712409812
"IS39780.D1EYBACXX.1.250138350",24.4150216399287
"IS39783.D1EYBACXX.1.250138351",15.1903150741829
"IS39791.D1EYBACXX.1.250138352",15.7758553189033
"IS39797.D1EYBACXX.1.250138353",22.8699121356421
"IS39809.D1EYBACXX.1.250138354",19.5612964790765
"IS39810.D1EYBACXX.1.250138355",23.8168429617572
"IS39814.D1EYBACXX.8.250140165",15.6694103030303
"IS39815.D1EYBACXX.8.250140166",25.8175737338826
"IS39819.D1EYBACXX.8.250140167",15.054526003996
"IS39913.D1EYBACXX.8.250140168",11.4214607523588
"IS39915.D1EYBACXX.8.250140169",22.473714005623
"IS40005.D1EYBACXX.8.250140170",17.238037618817
"IS40033.D1EYBACXX.8.250140171",12.3779572162947
"IS40034.D1EYBACXX.8.250140172",15.4100599939194
"IS40036.D1EYBACXX.8.250140173",22.4444900595268
"IS7069.C1AB3ACXX.7.250137412",18.9864420598846
"IS7277.70MUKAAXX.2.250006045",17.3331139194139
"IS7304.C1AB3ACXX.7.250137413",20.7197088500389
"IS7305.D0D0HACXX.5.250046319",22.9026593047987
"IS7310.D0D0HACXX.5.250046320",18.5335452308802
"IS7312.C1AB3ACXX.7.250137414",29.1523956647144
"IS7314.70MUKAAXX.2.250006028",22.7737606824184
"IS7343.C1AB3ACXX.7.250137415",26.7714216591664
"IS7348.C1AB3ACXX.7.250137416",30.0821282179267
"IS7360.C1AB3ACXX.7.250137417",20.3476515544586
"IS7386.C1AB3ACXX.7.250137419",16.1995323412698
"IS7389.C1AB3ACXX.7.250137420",13.8069982317682
"IS7403.C1AB3ACXX.7.250137421",19.6513971360978
"IS7408.C1AB3ACXX.7.250137422",13.9276832539682
"IS7411.C1AB3ACXX.7.250137423",15.3085135436785
"IS7418.C1AB3ACXX.7.250137424",15.8489741542347
"IS7419.C1AB3ACXX.7.250137425",18.9379384909523
"IS7424.C1AB3ACXX.7.250137426",14.5311116519755
"IS7428.C1AB3ACXX.7.250137427",17.4968418605643
"IS7447.C1AB3ACXX.7.250137428",18.9925833449883
"IS7463.D0D0HACXX.5.250046078",20.3256587109051
"IS7469.C1AB3ACXX.7.250137429",20.3955353508714
"IS7480.C1AB3ACXX.7.250137430",19.2198647086948
"IS7486.C1AB3ACXX.7.250137431",17.2802477200577
"IS7490.C1AB3ACXX.7.250137432",20.1600491104574
"IS7492.C1AB3ACXX.7.250137433",19.5536363227296
"IS7506.C1AB3ACXX.7.250137434",20.9588025005696
"IS7508.C1AB3ACXX.7.250137435",18.1625743295267
"IS7535.C1AB3ACXX.7.250137436",22.5894214418914
"IS7620.D0D0HACXX.5.250046079",14.6685523579729
"IS7643.C1AB3ACXX.7.250137437",17.8620830086308
"IS7679.D0D0HACXX.5.250046321",23.4444152139189
"IS7689.C1AB3ACXX.7.250137438",20.0373565800866
"IS7696.C1AB3ACXX.7.250137439",13.5092322893773
"IS7702.C1AB3ACXX.7.250137440",14.9161933333333
"IS7704.C1AB3ACXX.7.250137441",15.9201634030283
"IS7722.70MUKAAXX.2.250006048",19.4996526386576
"IS7763.C1AB3ACXX.7.250137442",18.592988936023
"IS7773.C1AB3ACXX.7.250137443",22.6641120428865
"IS7792.C1AB3ACXX.7.250137444",16.9820841194323
"IS7802.C1AB3ACXX.7.250137445",22.1358667598101
"IS7806.C1AB3ACXX.7.250137446",23.9561138387268
"IS7812.C1AB3ACXX.7.250137447",15.9294066152327
"IS7825.C1AB3ACXX.7.250137448",16.245606009563
"IS7834.C1AB3ACXX.7.250137449",13.2852316315874
"IS7835.C1AB3ACXX.7.250137450",16.7960609397967
"IS7836.C1AB3ACXX.7.250137451",24.7693948707911
"IS7843.C1AB3ACXX.7.250137452",17.7343895495354
"IS7845.C1AB3ACXX.7.250137453",16.7026670493395
"IS7849.C1AB3ACXX.7.250137454",21.3475092404679
"IS7861.628P7AAXX.7.250007023",16.847887267978
"IS7887.C1AB3ACXX.7.250137455",13.9548164025191
"IS7889.628P7AAXX.7.250007047",15.5335742256632
"IS7892.C1AB3ACXX.7.250137456",20.563741997447
"IS7920.C1AB3ACXX.7.250137457",21.8303760471046
"IS7923.C1AB3ACXX.7.250137458",24.0329205805064
"IS7948.C1AB3ACXX.7.250137459",14.8099125901876
"IS7957.D0D0HACXX.5.250046322",23.6483955610098
"IS7995.C1AB3ACXX.7.250137460",15.6660820745921
"IS8777.D0D0HACXX.5.250046327",14.3245512372007
"IS8861.C1AB3ACXX.7.250137462",14.1705583161283
"IS8916.D0D0HACXX.5.250046328",17.7041042592408
"IS9108.D0D0HACXX.5.250046329",15.2645386542738
"IS9113.D0D0HACXX.5.250046330",15.2645386542738
"IS9115.C1AB3ACXX.7.250137463",11.2371253551677
"IS9597.70MUKAAXX.2.250006029",19.7033915685682
"IS9713.70MUKAAXX.2.250006049",31.5714200793651
"IS9720.C1AB3ACXX.7.250137464",19.5944615204008
"IS9745.D0D0HACXX.5.250046332",29.1160876984127
"IS9830.70MUKAAXX.1.250006404",42.8438832445332
"IS9883.70MUKAAXX.2.250006061",42.8438832445332
"IS9911.70MUKAAXX.2.250006073",32.1770084199134
"PI151198.D1G0BACXX.7.250130017",20.5036038358743
"PI155541.D1G0BACXX.7.250130029",16.3710272099143
"PI213900.D1G0BACXX.7.250130041",21.015115460105
"PI267621.D1G0BACXX.7.250130053",24.4852669995168
"PI285039.D1G0BACXX.7.250129930",15.0936029193935
"PI285042.D1G0BACXX.7.250130077",15.0936029193935
"PI329252.D1G0BACXX.7.250129882",26.0228941758242
"PI329256.D1G0BACXX.7.250130089",24.6412522118562
"PI329285.D1G0BACXX.7.250130006",20.2550294372053
"PI329286.D1G0BACXX.7.250130018",20.2550294372053
"PI329299.D1G0BACXX.7.250130030",25.5025073407879
"PI329300.D1G0BACXX.7.250130042",25.5025073407879
"PI329301.D1G0BACXX.7.250130054",25.5025073407879
"PI329310.D1G0BACXX.7.250130066",24.0156721428572
"PI329311.D1G0BACXX.7.250130078",25.7817547619048
"PI329312.D1G0BACXX.7.250130090",25.7817547619048
"PI329316.D1G0BACXX.7.250130007",39.4298068092241
"PI329318.D1G0BACXX.7.250130019",19.5248384320109
"PI329319.D1G0BACXX.7.250130031",26.2788996183816
"PI329320.D1G0BACXX.7.250130043",26.2788996183816
"PI329325.D1G0BACXX.7.250130055",12.2432379611909
"PI329326.D1G0BACXX.7.250130067",12.2432379611909
"PI329333.D1G0BACXX.7.250130079",12.2432379611909
"PI329338.D1G0BACXX.7.250129895",25.1466568068076
"PI329351.D1G0BACXX.7.250130008",27.6237305221445
"PI329394.D1G0BACXX.7.250130020",25.3436816294816
"PI329403.D1G0BACXX.7.250130032",24.1471547223394
"PI329442.D1G0BACXX.7.250130044",24.6412522118562
"PI329465.D1G0BACXX.7.250130056",30.0783205257678
"PI329466.D1G0BACXX.7.250130068",30.0783205257678
"PI329470.D1G0BACXX.7.250130080",38.6794079204129
"PI329471.D1G0BACXX.7.250130092",38.6794079204129
"PI329473.D1G0BACXX.7.250130009",22.0329128682429
"PI329475.D1G0BACXX.7.250130021",19.501694040404
"PI329476.D1G0BACXX.7.250130033",28.0714675668228
"PI329477.D1G0BACXX.7.250130045",28.0714675668228
"PI329478.D1G0BACXX.7.250130057",19.501694040404
"PI329480.D1G0BACXX.7.250130069",26.35179402775
"PI329501.D1G0BACXX.7.250130081",25.5656848362632
"PI329504.D1G0BACXX.7.250130093",25.5656848362632
"PI329506.D1G0BACXX.7.250130010",25.5656848362632
"PI329510.D1G0BACXX.7.250130022",26.2304404822491
"PI329511.D1G0BACXX.7.250130034",26.2304404822491
"PI329517.D1G0BACXX.7.250130046",29.1933935331335
"PI329518.D1G0BACXX.7.250130058",21.5318519240391
"PI329519.D1G0BACXX.7.250130070",21.5318519240391
"PI329540.D1G0BACXX.7.250130082",29.6251622470168
"PI329541.D1G0BACXX.7.250130094",29.6251622470168
"PI329545.D1G0BACXX.7.250130011",23.9288009470536
"PI329546.D1G0BACXX.7.250129919",23.9288009470536
"PI329550.D1G0BACXX.7.250130035",22.7196691278329
"PI329551.D1G0BACXX.7.250130047",22.7196691278329
"PI329554.D1G0BACXX.7.250130059",22.7196691278329
"PI329556.D1G0BACXX.7.250130071",26.6161747183314
"PI329570.D1G0BACXX.7.250130095",22.4246406063112
"PI329572.D1G0BACXX.7.250130012",22.4246406063112
"PI329583.D1G0BACXX.7.250130024",13.3532571441765
"PI329584.D1G0BACXX.7.250130036",13.3532571441765
"PI329585.D1G0BACXX.7.250130048",13.3532571441765
"PI329605.D1G0BACXX.7.250130060",39.4298068092241
"PI329606.D1G0BACXX.7.250130072",39.4298068092241
"PI329614.D1G0BACXX.7.250130084",23.8583697045995
"PI329615.D1G0BACXX.7.250130096",23.8583697045995
"PI329617.D1G0BACXX.7.250130013",11.9636948486546
"PI329618.D1G0BACXX.7.250130025",11.9636948486546
"PI329632.D1G0BACXX.7.250130037",19.4011250263136
"PI329644.D1G0BACXX.7.250130049",14.1100948727868
"PI329645.D1G0BACXX.7.250130061",22.2652746225996
"PI329646.D1G0BACXX.7.250130073",22.2652746225996
"PI329665.D1G0BACXX.7.250130085",25.6566586467721
"PI329673.D1G0BACXX.7.250130097",25.6566586467721
"PI329699.D1G0BACXX.7.250130014",18.2279584407096
"PI329700.D1G0BACXX.7.250130026",19.7582712724313
"PI329702.D1G0BACXX.7.250130038",23.0972574672579
"PI329704.D1G0BACXX.7.250130050",23.0972574672579
"PI329710.D1G0BACXX.7.250130062",20.991545560755
"PI329711.D1G0BACXX.7.250130074",20.991545560755
"PI329813.D1G0BACXX.7.250130086",30.5807063314463
"PI329814.D1G0BACXX.7.250130098",30.5807063314463
"PI329841.D1G0BACXX.7.250130015",39.5779783294483
"PI329843.D1G0BACXX.7.250130039",35.4992509026354
"PI329848.D1G0BACXX.7.250130051",24.7532175698898
"PI329849.D1G0BACXX.7.250130063",24.7532175698898
"PI329864.D1G0BACXX.7.250130075",22.7844283821208
"PI329865.D1G0BACXX.7.250130087",22.7844283821208
"PI329920.D1G0BACXX.7.250130099",21.2851808433788
"PI330167.D1G0BACXX.7.250129931",16.4862890693225
"PI330168.D1G0BACXX.7.250130028",16.4862890693225
"PI330169.D1G0BACXX.7.250129943",16.4862890693225
"PI330170.D1G0BACXX.7.250130052",16.4862890693225
"PI330181.D1G0BACXX.7.250130064",16.4461572438673
"PI330182.D1G0BACXX.7.250130076",16.4461572438673
"PI330184.D1EYBACXX.8.250140257",18.4665366955267
"PI330185.D1G0BACXX.7.250130100",18.4665366955267
"PI330192.D1G0BACXX.7.250130132",15.3990282055526
"PI330195.D1G0BACXX.7.250130144",25.7654053535354
"PI330196.D1G0BACXX.7.250130156",17.1057328816111
"PI330199.D1G0BACXX.7.250130168",17.8925744189797
"PI330271.D1G0BACXX.7.250129918",25.1466568068076
"PI330796.D1G0BACXX.7.250130180",29.4015164179733
"PI330798.D1G0BACXX.7.250130192",25.8734742051234
"PI330803.D1G0BACXX.7.250130204",24.5117257592764
"PI330804.D1G0BACXX.7.250130216",24.5117257592764
"PI330807.D1G0BACXX.7.250130133",24.5117257592764
"PI330828.D1EYBACXX.8.250140258",14.7260632513922
"PI330833.D1G0BACXX.7.250130157",22.6587715662116
"PI330834.D1G0BACXX.7.250130169",22.6587715662116
"PI330835.D1G0BACXX.7.250130181",14.7260632513922
"PI330838.D1G0BACXX.7.250130193",24.7690526706627
"PI330847.D1G0BACXX.7.250130205",24.7690526706627
"PI330851.D1G0BACXX.7.250130217",25.3160480957931
"PI330857.D1G0BACXX.7.250130134",25.3160480957931
"PI330858.D1G0BACXX.7.250130146",27.7141122467533
"PI330867.D1G0BACXX.7.250130158",27.7141122467533
"PI337674.D1G0BACXX.7.250130170",16.1905637779998
"PI337676.D1G0BACXX.7.250130182",19.664122104314
"PI337678.D1G0BACXX.7.250130194",23.8347750271892
"PI337680.D1G0BACXX.7.250130206",29.7726917389331
"PI337684.D1G0BACXX.7.250130218",16.702000412661
"PI337685.D1G0BACXX.7.250130135",29.7726917389331
"PI337688.D1G0BACXX.7.250130147",19.664122104314
"PI337689.D1G0BACXX.7.250130159",25.8942571732108
"PI510907.D1G0BACXX.7.250130171",20.6559767784097
"PI510910.D1G0BACXX.7.250130183",24.0873087536538
"PI510911.D1G0BACXX.7.250130195",24.0873087536538
"PI510925.D1G0BACXX.7.250130207",20.6559767784097
"PI510926.D1G0BACXX.7.250130219",20.6559767784097
"PI510931.D1G0BACXX.7.250130136",20.4797655811966
"PI510932.D1G0BACXX.7.250130148",20.4797655811966
"PI510958.D1G0BACXX.7.250130160",26.2376046446103
"PI510959.D1G0BACXX.7.250130172",26.2376046446103
"PI510966.D1G0BACXX.7.250130184",21.7179425566677
"PI510967.D1G0BACXX.7.250130196",21.7179425566677
"PI510968.D1G0BACXX.7.250129908",25.6948543278943
"PI510969.D1G0BACXX.7.250130220",25.6948543278943
"PI510979.D1G0BACXX.7.250130137",22.0145065864486
"PI510990.D1G0BACXX.7.250130149",20.3160807001368
"PI510991.D1G0BACXX.7.250130161",20.3160807001368
"PI511008.D1G0BACXX.7.250130173",22.4619590625061
"PI511009.D1G0BACXX.7.250130185",22.4619590625061
"PI514456.D1G0BACXX.7.250130197",24.9033397139644
"PI514610.D1G0BACXX.7.250130209",30.1559729688612
"PI514617.D1G0BACXX.7.250129906",29.9672328355356
"PI521833.D1G0BACXX.7.250130221",19.631246789795
"PI533762.C00TDABXX.1.250004189",32.1770084199134
"PI533769.C00TDABXX.1.250004153",33.1165199950768
"PI533785.C00TDABXX.1.250004119",21.8303760471046
"PI533789.C00TDABXX.1.250004159",22.2604640357765
"PI533792.C00TDABXX.1.250004135",25.0285970130719
"PI533794.C00TDABXX.1.250004112",25.0285970130719
"PI533800.C00TDABXX.1.250004173",20.2550294372053
"PI533839.C00TDABXX.1.250004124",17.9448454301254
"PI533876.C00TDABXX.2.250020296",18.2589538794539
"PI533877.C00TDABXX.1.250004121",18.9925833449883
"PI533882.B064FABXX.2.250009868",16.2653506676657
"PI533910.C00TDABXX.1.250004147",22.2604640357765
"PI533911.C00TDABXX.1.250004171",22.2604640357765
"PI533912.C00TDABXX.1.250004138",22.2604640357765
"PI533985.C00TDABXX.2.250020288",29.3638422234628
"PI533986.C00TDABXX.1.250004176",32.1770084199134
"PI533987.C00TDABXX.2.250020284",31.4594021428571
"PI533991.B064FABXX.2.250009905",25.0118133842628
"PI533996.C00TDABXX.2.250020224",31.4594021428571
"PI534070.C00TDABXX.1.250004136",18.9379384909523
"PI534075.D0D0BACXX.6.250040589",20.3256587109051
"PI534079.C00TDABXX.1.250004131",16.8439372483073
"PI534088.C00TDABXX.1.250004101",17.1892727736141
"PI534092.C00TDABXX.2.250020233",20.7337422532781
"PI534115.B064FABXX.2.250009817",25.3263070851371
"PI534116.D0D0BACXX.6.250040571",30.5807063314463
"PI534123.C00TDABXX.1.250004133",24.0156721428572
"PI534124.C00TDABXX.1.250004106",16.1348522294372
"PI534127.C00TDABXX.1.250004114",30.4269554484404
"PI534128.C00TDABXX.1.250004146",22.8439783487721
"PI534133.B064FABXX.2.250009836",17.57703998557
"PI534135.C00TDABXX.1.250004170",22.8439783487721
"PI534148.B064FABXX.2.250009902",20.2550294372053
"PI534155.C00TDABXX.1.250004097",20.2550294372053
"PI534157.C00TDABXX.1.250004161",20.2550294372053
"PI562989.D1G0BACXX.7.250130138",19.0096217132626
"PI563009.D1G0BACXX.7.250130150",17.4698620967921
"PI563151.D1G0BACXX.7.250130162",23.5435026942665
"PI563153.D1G0BACXX.7.250130174",18.7659410971515
"PI563154.D1G0BACXX.7.250130186",13.601834567171
"PI563156.D1G0BACXX.7.250130210",13.1700887631673
"PI563157.D1G0BACXX.7.250130222",18.8996258186258
"PI563163.D1G0BACXX.7.250130139",15.2645386542738
"PI563194.D1EYBACXX.8.250140217",23.5435026942665
"PI563198.D1G0BACXX.7.250130175",42.3736862167084
"PI563199.D1G0BACXX.7.250130187",17.2196543817191
"PI563200.D1G0BACXX.7.250130199",12.3747298753077
"PI563207.D1G0BACXX.7.250130211",17.2196543817191
"PI563208.D1G0BACXX.7.250129968",17.453403079756
"PI563209.D1G0BACXX.7.250130140",18.2972373876124
"PI563219.D1G0BACXX.7.250130152",12.7666121244954
"PI563289.D1G0BACXX.7.250130164",17.8722977578426
"PI563334.D1G0BACXX.7.250130176",18.6529584415584
"PI563338.D1G0BACXX.7.250130188",20.576784482091
"PI563343.D1G0BACXX.7.250130200",21.1511615495499
"PI563348.D1G0BACXX.7.250130212",21.8728575194805
"PI563350.D1G0BACXX.7.250130224",18.4071348842269
"PI563359.D1G0BACXX.7.250130141",18.3116125807526
"PI563364.D1G0BACXX.7.250130153",20.2391953629704
"PI563366.D1G0BACXX.7.250130165",23.0919740278175
"PI563377.D1G0BACXX.7.250130177",39.7377700324676
"PI563378.D1G0BACXX.7.250130189",39.7377700324676
"PI563482.D1G0BACXX.7.250130201",20.6558467349644
"PI563483.D1G0BACXX.7.250130213",21.6642046119242
"PI563484.D1G0BACXX.7.250130225",16.4063885551671
"PI563485.D1G0BACXX.7.250130142",41.4690331438333
"PI563486.D1G0BACXX.7.250130154",41.4690331438333
"PI563487.D1G0BACXX.7.250130166",18.551938776387
"PI563489.D1G0BACXX.7.250130178",16.0832623311501
"PI563490.D1G0BACXX.7.250130190",16.0832623311501
"PI563491.D1G0BACXX.7.250130202",16.0832623311501
"PI563492.D1G0BACXX.7.250130214",16.1530738906611
"PI563497.D1G0BACXX.7.250130226",40.1978454578755
"PI563513.D1G0BACXX.7.250129894",19.3756950127454
"PI563515.D1G0BACXX.7.250130143",18.7657729510007
"PI563516.D1EYBACXX.8.250140219",18.7657729510007
"PI569012.D1G0BACXX.7.250130167",30.7846274603174
"PI569803.D1G0BACXX.7.250130179",33.522690952381
"PI569804.D1G0BACXX.7.250130191",33.522690952381
"PI569805.D1G0BACXX.7.250130203",33.6568688095238
"PI569819.D1G0BACXX.7.250130215",37.7094718253968
"PI569833.D1G0BACXX.7.250130227",32.5519176190476
"PI569834.D1FY1ACXX.8.250123305",31.776196031746
"PI569847.D1FY1ACXX.8.250123306",37.7094718253968
"PI569860.D1FY1ACXX.8.250123308",38.0589542857143
"PI569869.D1FY1ACXX.8.250123309",40.8985794572094
"PI569870.D1FY1ACXX.8.250123310",40.8985794572094
"PI569873.D1FY1ACXX.8.250123311",38.0589542857143
"PI569875.D1FY1ACXX.8.250123312",34.9045195238095
"PI569876.D1FY1ACXX.8.250123313",34.9045195238095
"PI569886.D1FY1ACXX.8.250123315",40.773322004107
"PI570119.D1FY1ACXX.8.250123316",17.6997906926407
"PI570120.D1FY1ACXX.8.250123317",19.5890569047619
"PI570122.D1FY1ACXX.8.250123318",38.5279286868687
"PI570123.D1FY1ACXX.8.250123319",38.5279286868687
"PI570124.D1FY1ACXX.8.250123320",38.5279286868687
"PI570125.D1FY1ACXX.8.250123321",38.213888994339
"PI570126.D1FY1ACXX.8.250123322",38.213888994339
"PI570127.D1FY1ACXX.8.250123323",31.4159376625892
"PI570130.D1FY1ACXX.8.250123325",40.9866019025419
"PI570136.D1FY1ACXX.8.250123326",37.0708862484183
"PI570137.D1FY1ACXX.8.250123327",37.0708862484183
"PI570139.D1FY1ACXX.8.250123328",37.0708862484183
"PI570145.D1FY1ACXX.8.250123329",27.1472690279165
"PI570146.D1FY1ACXX.8.250123330",27.1472690279165
"PI570149.D1FY1ACXX.8.250123331",33.5634178229538
"PI570154.D1FY1ACXX.8.250123332",40.9854297655123
"PI570155.D1FY1ACXX.8.250123333",40.9854297655123
"PI570157.D1FY1ACXX.8.250123334",16.2460538552097
"PI570158.D1FY1ACXX.8.250123335",35.0770289377289
"PI570159.D1FY1ACXX.8.250123336",35.0770289377289
"PI570160.D1FY1ACXX.8.250123337",30.4651549006549
"PI570162.D1FY1ACXX.8.250123338",42.8254673470973
"PI570163.D1FY1ACXX.8.250123339",42.8254673470973
"PI570164.D1FY1ACXX.8.250123340",36.0164957142857
"PI570166.D1FY1ACXX.8.250123341",34.1880373809524
"PI570168.D1FY1ACXX.8.250123342",42.8254673470973
"PI570171.D1FY1ACXX.8.250123343",38.8541471356421
"PI570174.D1FY1ACXX.8.250123345",29.2993891269841
"PI570176.D1FY1ACXX.8.250123346",29.3916653174603
"PI570189.D1FY1ACXX.8.250123347",30.2907705022037
"PI570190.D1FY1ACXX.8.250123348",30.2907705022037
"PI570191.D1FY1ACXX.8.250123349",30.2907705022037
"PI570218.D1FY1ACXX.8.250123350",29.3638422234628
"PI570219.D1FY1ACXX.8.250123351",29.3638422234628
"PI570220.D1FY1ACXX.8.250123352",29.3638422234628
"PI570228.D1FY1ACXX.8.250123353",42.5149985842958
"PI570229.D1FY1ACXX.8.250123354",42.5149985842958
"PI570233.D1FY1ACXX.8.250123355",34.3163774235267
"PI570234.D1FY1ACXX.8.250123356",34.3163774235267
"PI570237.D1FY1ACXX.8.250123357",47.2091129109452
"PI570244.D1FY1ACXX.8.250123359",34.3983300919081
"PI570248.D1FY1ACXX.8.250123361",28.640963015873
"PI570249.D1FY1ACXX.8.250123362",28.640963015873
"PI570252.D1FY1ACXX.8.250123364",29.2993891269841
"PI570254.D1FY1ACXX.8.250123365",17.6610198810079
"PI570255.D1FY1ACXX.8.250123366",41.7752718284166
"PI570256.D1FY1ACXX.8.250123367",41.7752718284166
"PI570260.D1FY1ACXX.8.250123368",22.8392434920635
"PI570261.D1FY1ACXX.8.250123369",22.8392434920635
"PI570262.D1FY1ACXX.8.250123370",22.8392434920635
"PI570271.D1FY1ACXX.8.250123371",36.8491504834055
"PI570278.D1FY1ACXX.8.250123372",22.9503894091856
"PI570279.D1FY1ACXX.8.250123373",22.9503894091856
"PI570284.D1FY1ACXX.8.250123374",23.0819119347611
"PI570288.D1FY1ACXX.8.250123375",22.7281013899112
"PI570289.D1FY1ACXX.8.250123376",22.7281013899112
"PI570292.D1FY1ACXX.8.250123377",46.3336076836725
"PI570294.D1FY1ACXX.8.250123378",34.2305345625032
"PI570295.D1FY1ACXX.8.250123379",34.2305345625032
"PI570296.D1FY1ACXX.8.250123380",20.1542908369408
"PI570393.D1FY1ACXX.8.250123381",27.4035577572428
"PI570494.D1FY1ACXX.8.250123382",20.6510194546732
"PI570498.D1FY1ACXX.8.250123383",15.70766205328
"PI570501.D1FY1ACXX.8.250123385",25.0118133842628
"PI570503.D1FY1ACXX.8.250123386",29.4018224603174
"PI570504.D1FY1ACXX.8.250123387",21.3397365721409
"PI570505.D1FY1ACXX.8.250123388",21.3397365721409
"PI570511.D1FY1ACXX.8.250123389",20.361587025863
"PI570512.D1FY1ACXX.8.250123390",29.2993891269841
"PI570518.D1FY1ACXX.8.250123391",21.5601174222183
"PI570523.D1FY1ACXX.8.250123392",25.0439374910071
"PI570524.D1FY1ACXX.8.250123393",22.2604640357765
"PI570528.D1FY1ACXX.8.250123394",23.9572250793651
"PI570539.D1FY1ACXX.8.250123395",20.8712548787879
"PI570546.D1FY1ACXX.8.250123396",29.5948176984127
"PI570549.D1FY1ACXX.8.250123397",23.1950656678757
"PI570550.D1FY1ACXX.8.250123398",38.5961998901098
"PI570554.D1FY1ACXX.8.250123399",33.1165199950768
"PI570570.D1EYBACXX.8.250140298",30.9365676745958
"PI570571.D1EYBACXX.8.250140358",30.9365676745958
"PI570575.D1G0BACXX.7.250129945",21.5601174222183
"PI570576.D1G0BACXX.7.250129957",30.9365676745958
"PI570584.D1EYBACXX.8.250140350",22.1763318109668
"PI570588.D1EYBACXX.8.250140362",25.0118133842628
"PI570603.D1EYBACXX.8.250140374",19.6172479464979
"PI570604.D1EYBACXX.8.250140387",39.0507705877456
"PI570917.D1G0BACXX.7.250130005",29.9955696031746
"PI570918.D1G0BACXX.7.250130091",29.9955696031746
"PI571246.D1G0BACXX.7.250130023",29.4018224603174
"PI571253.D1G0BACXX.7.250130027",20.361587025863
"PI571256.D1G0BACXX.7.250130088",39.0814366666666
"PI571261.D1G0BACXX.7.250130145",25.0439374910071
"PI571262.D1G0BACXX.7.250130208",25.941592998113
"PI571273.D1G0BACXX.7.250130155",14.3026414201316
"PI571275.D1EYBACXX.8.250140208",37.5232177056277
"PI571299.D1EYBACXX.8.250140209",29.3761286507936
"PI571302.D1EYBACXX.8.250140210",29.0616381746031
"PI571370.D1EYBACXX.8.250140211",35.8662004761904
"PI571376.D1EYBACXX.8.250140212",30.8928036383762
"PI576352.C00TDABXX.2.250020289",24.5501534615385
"PI576375.C00TDABXX.2.250020279",23.0972574672579
"PI576376.C00TDABXX.2.250020291",30.5807063314463
"PI576380.B064FABXX.2.250009887",19.7582712724313
"PI576381.C00TDABXX.2.250020315",30.5807063314463
"PI576399.C00TDABXX.1.250004120",31.4594021428571
"PI576425.C00TDABXX.2.250020317",25.5628556393498
"PI576426.C00TDABXX.2.250020303",16.4862890693225
"PI576428.C00TDABXX.2.250020257",19.7582712724313
"PI585379.D1EYBACXX.8.250140213",28.2433182465815
"PI585394.D1EYBACXX.8.250140214",21.5255103857013
"PI585405.D1EYBACXX.8.250140215",16.9027630086339
"PI585406.D1G0BACXX.7.250129916",16.9027630086339
"PI585411.D1G0BACXX.7.250129942",41.9360686557886
"PI585412.D1G0BACXX.7.250129954",41.9360686557886
"PI585413.D1G0BACXX.7.250129969",22.5812224776335
"PI585414.D1G0BACXX.7.250129966",22.5812224776335
"PI585415.D1G0BACXX.7.250129883",20.4373237950938
"PI585416.D1G0BACXX.7.250129886",16.1282125396826
"PI585417.D1G0BACXX.7.250129898",16.1282125396826
"PI585418.D1G0BACXX.7.250129907",16.1282125396826
"PI585423.D1G0BACXX.7.250129910",15.2263821139971
"PI585448.D1G0BACXX.7.250129955",16.8533681709051
"PI585449.D1G0BACXX.7.250129967",16.8533681709051
"PI585452.D1G0BACXX.7.250129884",16.9817611390244
"PI585453.D1G0BACXX.7.250129896",19.2437447791375
"PI585454.D1G0BACXX.7.250129922",17.9345741765424
"PI585455.D1G0BACXX.7.250129934",16.6872187066518
"PI585456.D1G0BACXX.7.250129920",16.6872187066518
"PI585457.D1G0BACXX.7.250129932",16.6651527705628
"PI585461.D1G0BACXX.7.250129944",25.9753446324721
"PI585467.D1G0BACXX.7.250129956",19.6153800706483
"PI585468.D1G0BACXX.7.250129885",19.6153800706483
"PI585469.D1G0BACXX.7.250129897",19.6153800706483
"PI585470.D1G0BACXX.7.250129909",19.6153800706483
"PI585471.D1G0BACXX.7.250129921",18.6281875721611
"PI585472.D1G0BACXX.7.250129933",18.6281875721611
"PI585572.D1G0BACXX.7.250129946",14.8515032767233
"PI585573.D1EYBACXX.8.250140220",14.8515032767233
"PI585574.D1G0BACXX.7.250129958",14.8515032767233
"PI585576.D1G0BACXX.7.250129970",10.8616535262127
"PI585577.D1EYBACXX.8.250140221",18.8199211599838
"PI585578.D1EYBACXX.8.250140222",19.1205867301031
"PI585579.D1EYBACXX.8.250140223",14.5455167489172
"PI585580.D1EYBACXX.8.250140224",16.2407357061892
"PI585581.D1EYBACXX.8.250140225",16.2686227154741
"PI585582.D1G0BACXX.7.250129887",16.2686227154741
"PI585590.D1EYBACXX.8.250140227",19.3596307982076
"PI585595.D1EYBACXX.8.250140228",13.61906214605
"PI585596.D1G0BACXX.7.250129899",18.7454780606447
"PI585600.D1G0BACXX.7.250129911",14.5875421837792
"PI585602.D1EYBACXX.8.250140229",14.5875421837792
"PI585607.D1EYBACXX.8.250140230",19.3596307982076
"PI585608.D1EYBACXX.8.250140231",19.3596307982076
"PI585609.D1EYBACXX.8.250140232",23.0675638795518
"PI585971.D1G0BACXX.7.250129923",19.0001700525206
"PI585981.D1G0BACXX.7.250129935",17.1908420779221
"PI585984.D1EYBACXX.8.250140233",14.5108272026675
"PI585985.D1EYBACXX.8.250140234",14.5108272026675
"PI585987.D1EYBACXX.8.250140235",14.0641093492239
"PI585989.D1EYBACXX.8.250140236",15.2724281992822
"PI585991.D1EYBACXX.8.250140237",14.0930694186598
"PI585992.D1EYBACXX.8.250140238",15.9409045014634
"PI586000.D1EYBACXX.8.250140239",17.024537355718
"PI586008.D1EYBACXX.8.250140240",15.5577702897103
"PI586028.D1EYBACXX.8.250140241",11.4336685801091
"PI586032.D1EYBACXX.8.250140242",15.9462509365987
"PI586033.D1EYBACXX.8.250140243",22.0743228039504
"PI586034.D1EYBACXX.8.250140244",14.4986028233537
"PI586035.D1EYBACXX.8.250140245",13.897992083125
"PI586036.D1EYBACXX.8.250140246",11.2606084545122
"PI586037.D1EYBACXX.8.250140247",13.6126684402852
"PI586038.D1EYBACXX.8.250140248",13.6126684402852
"PI586039.D1EYBACXX.8.250140249",13.6126684402852
"PI586040.D1EYBACXX.8.250140250",10.6863708093399
"PI586041.D1EYBACXX.8.250140251",13.3530150433193
"PI586042.D1EYBACXX.8.250140252",13.3530150433193
"PI586052.D1EYBACXX.8.250140253",14.2898906058908
"PI586054.D1EYBACXX.8.250140254",14.8086503550077
"PI586107.D1EYBACXX.8.250140255",19.8058213034678
"PI586108.D1G0BACXX.7.250129947",19.8058213034678
"PI586109.D1EYBACXX.8.250140256",19.8058213034678
"PI586110.D1FY1ACXX.8.250123432",19.8848438473291
"PI586111.D1FY1ACXX.8.250123433",24.3508837562437
"PI586112.D1FY1ACXX.8.250123434",20.2676941597292
"PI586113.D1FY1ACXX.8.250123435",20.2676941597292
"PI586114.D1FY1ACXX.8.250123436",25.7817362620812
"PI586115.D1FY1ACXX.8.250123437",25.7817362620812
"PI586117.D1FY1ACXX.8.250123438",18.4622919918473
"PI586118.D1FY1ACXX.8.250123439",15.3430199106449
"PI586119.D1FY1ACXX.8.250123440",18.2825327595556
"PI586120.D1FY1ACXX.8.250123441",18.2825327595556
"PI586123.D1FY1ACXX.8.250123442",18.4622919918473
"PI586124.D1FY1ACXX.8.250123443",18.4622919918473
"PI586128.D1FY1ACXX.8.250123444",22.4120112637121
"PI586137.D1FY1ACXX.8.250123445",22.9710183535354
"PI586141.D1FY1ACXX.8.250123446",21.0028936732741
"PI586142.D1FY1ACXX.8.250123447",21.0028936732741
"PI586147.D1FY1ACXX.8.250123448",21.1511615495499
"PI586148.D1FY1ACXX.8.250123449",21.0028936732741
"PI586150.D1FY1ACXX.8.250123450",20.6504096319367
"PI586151.D1FY1ACXX.8.250123451",17.8405908186258
"PI586153.D1FY1ACXX.8.250123452",21.7690328888519
"PI586154.D1FY1ACXX.8.250123453",20.2295386331251
"PI586155.D1FY1ACXX.8.250123454",21.1511615495499
"PI586156.D1FY1ACXX.8.250123455",21.059289549109
"PI586157.D1FY1ACXX.8.250123456",20.2641203769322
"PI586158.D1FY1ACXX.8.250123457",20.2641203769322
"PI586159.D1FY1ACXX.8.250123458",20.7137642942795
"PI586160.D1FY1ACXX.8.250123459",20.7137642942795
"PI586161.D1FY1ACXX.8.250123460",23.4442187421837
"PI586162.D1FY1ACXX.8.250123461",23.4442187421837
"PI586163.D1FY1ACXX.8.250123462",22.6725356598715
"PI586164.D1FY1ACXX.8.250123463",22.6725356598715
"PI586165.D1FY1ACXX.8.250123464",19.6718148817849
"PI586166.D1FY1ACXX.8.250123465",16.9225953627484
"PI586167.D1EYBACXX.8.250140352",18.537257779717
"PI586168.D1FY1ACXX.8.250123467",18.537257779717
"PI586169.D1FY1ACXX.8.250123468",18.537257779717
"PI586172.D1FY1ACXX.8.250123469",21.3770097202797
"PI586173.D1FY1ACXX.8.250123470",21.3770097202797
"PI586174.D1FY1ACXX.8.250123471",18.9595947122571
"PI586175.D1FY1ACXX.8.250123472",18.9595947122571
"PI586176.D1FY1ACXX.8.250123473",18.9595947122571
"PI586178.D1FY1ACXX.8.250123474",19.3286316932512
"PI586179.D1FY1ACXX.8.250123475",19.3286316932512
"PI586181.D1FY1ACXX.8.250123476",23.6063208211788
"PI586182.D1FY1ACXX.8.250123477",23.6063208211788
"PI586183.D1FY1ACXX.8.250123478",23.6063208211788
"PI586184.D1FY1ACXX.8.250123479",21.6770136839827
"PI586185.D1FY1ACXX.8.250123480",21.6770136839827
"PI586201.D1FY1ACXX.8.250123481",17.7434665765521
"PI586205.D1FY1ACXX.8.250123482",15.5527113071895
"PI586239.D1FY1ACXX.8.250123483",22.4138574716881
"PI586259.D1FY1ACXX.8.250123484",20.8922850697451
"PI586272.D1FY1ACXX.8.250123485",24.1388393215384
"PI586356.D1FY1ACXX.8.250123486",17.5895327211677
"PI586357.D1FY1ACXX.8.250123487",17.5895327211677
"PI586359.D1FY1ACXX.8.250123488",19.9019203374513
"PI586360.D1FY1ACXX.8.250123489",19.9019203374513
"PI586361.D1FY1ACXX.8.250123490",19.9019203374513
"PI586362.D1FY1ACXX.8.250123491",19.9019203374513
"PI586363.D1FY1ACXX.8.250123492",17.1170074703075
"PI586364.D1FY1ACXX.8.250123493",17.1170074703075
"PI586365.D1FY1ACXX.8.250123494",23.9238274025974
"PI586366.D1FY1ACXX.8.250123495",22.5644432936822
"PI586367.D1FY1ACXX.8.250123496",22.5644432936822
"PI586368.D1FY1ACXX.8.250123497",16.8181784445293
"PI586369.D1FY1ACXX.8.250123498",16.8181784445293
"PI586370.D1FY1ACXX.8.250123499",18.1050519401468
"PI586371.D1FY1ACXX.8.250123500",18.9264186209346
"PI586374.D1FY1ACXX.8.250123501",19.4481261899153
"PI586377.D1FY1ACXX.8.250123503",26.1941092042942
"PI586378.D1FY1ACXX.8.250123504",26.1941092042942
"PI586387.D1FY1ACXX.8.250123505",18.0856569188122
"PI586388.D1FY1ACXX.8.250123506",18.0856569188122
"PI586394.D1FY1ACXX.8.250123507",28.4421561265532
"PI586403.D1FY1ACXX.8.250123508",19.1974359090909
"PI586404.D1FY1ACXX.8.250123509",19.1436093284493
"PI586405.D1FY1ACXX.8.250123510",19.1436093284493
"PI586464.D1FY1ACXX.8.250123511",15.4946510104842
"PI586465.D1FY1ACXX.8.250123512",15.4946510104842
"PI586466.D1FY1ACXX.8.250123513",13.485400135951
"PI586467.D1FY1ACXX.8.250123514",13.485400135951
"PI586470.D1FY1ACXX.8.250123515",14.0376346049441
"PI586471.D1FY1ACXX.8.250123516",14.0376346049441
"PI586472.D1FY1ACXX.8.250123517",18.2985003217558
"PI586473.D1FY1ACXX.8.250123518",18.2985003217558
"PI586476.D1FY1ACXX.8.250123519",15.0962493406593
"PI586477.D1FY1ACXX.8.250123520",15.0962493406593
"PI586479.D1FY1ACXX.8.250123521",21.1946445258251
"PI586480.D1FY1ACXX.8.250123522",21.1946445258251
"PI586481.D1FY1ACXX.8.250123523",18.0966458885851
"PI586482.D1FY1ACXX.8.250123524",18.0966458885851
"PI586483.D1FY1ACXX.8.250123525",18.0966458885851
"PI586493.D1FY1ACXX.8.250123526",16.7172744249215
"PI586498.D1FY1ACXX.8.250123527",24.3852899219975
"PI586499.D1FY1ACXX.8.250123559",18.8112425214351
"PI586500.D1FY1ACXX.8.250123560",18.8112425214351
"PI586501.D1FY1ACXX.8.250123561",18.8112425214351
"PI586503.D1FY1ACXX.8.250123562",13.6055968059264
"PI586510.D1FY1ACXX.8.250123563",18.2763016400266
"PI586511.D1FY1ACXX.8.250123564",18.2763016400266
"PI597946.C00TDABXX.2.250020297",21.015115460105
"PI597952.C00TDABXX.2.250020271",32.1770084199134
"PI597953.D1FY1ACXX.8.250123565",18.2589538794539
"PI597954.D1FY1ACXX.8.250123566",13.9103627306606
"PI597957.C00TDABXX.2.250020230",24.6412522118562
"PI608862.D1FY1ACXX.8.250123567",23.0056387234987
"PI608863.D1FY1ACXX.8.250123568",23.0056387234987
"PI608864.D1FY1ACXX.8.250123569",23.0056387234987
"PI608865.D1FY1ACXX.8.250123570",23.0056387234987
"PI609094.D1FY1ACXX.8.250123571",21.9708443528515
"PI609200.D1FY1ACXX.8.250123572",20.7287442357099
"PI609918.D1FY1ACXX.8.250123573",21.0645743151293
"PI609919.D1FY1ACXX.8.250123574",21.0645743151293
"PI610034.D1FY1ACXX.8.250123575",22.5326895521145
"PI612776.D1FY1ACXX.8.250123576",34.8389622188922
"PI612777.D1FY1ACXX.8.250123577",34.8389622188922
"PI619639.D1FY1ACXX.8.250123578",17.0831565873016
"PI619640.D1FY1ACXX.8.250123579",13.6068762453886
"PI619641.D1FY1ACXX.8.250123580",11.2382308083321
"PI619642.D1FY1ACXX.8.250123581",14.0645685714286
"PI619643.D1FY1ACXX.8.250123582",19.2775955555556
"PI619688.D1FY1ACXX.8.250123583",23.5542228902085
"PI619689.D1FY1ACXX.8.250123584",23.5542228902085
"PI619695.D1FY1ACXX.8.250123585",19.2869998452425
"PI619698.D1FY1ACXX.8.250123588",16.6644920024283
"PI619701.D1FY1ACXX.8.250123589",17.8128483477633
"PI619702.D1FY1ACXX.8.250123590",17.8128483477633
"PI619716.D1FY1ACXX.8.250123592",11.1771168298952
"PI619719.D1FY1ACXX.8.250123593",23.5261731608327
"PI619720.D1FY1ACXX.8.250123594",23.5261731608327
"PI619721.D1FY1ACXX.8.250123595",23.5261731608327
"PI619733.D1FY1ACXX.8.250123596",17.1795684788541
"PI619734.D1FY1ACXX.8.250123597",17.1795684788541
"PI619735.D1FY1ACXX.8.250123598",17.1795684788541
"PI619765.D1FY1ACXX.8.250123599",16.6528255244755
"PI619773.D1FY1ACXX.8.250123600",13.297385803979
"PI619807.D1EYBACXX.8.250140364",20.8734483749584
"PI619813.D1FY1ACXX.8.250123602",22.549254043179
"PI619816.D1FY1ACXX.8.250123603",16.5141187108506
"PI619829.D1FY1ACXX.8.250123604",20.6864473004948
"PI619830.D1FY1ACXX.8.250123605",20.6864473004948
"PI619838.D1FY1ACXX.8.250123607",18.9474988564669
"PI619860.D1FY1ACXX.8.250123608",15.6031326617827
"PI619863.D1FY1ACXX.8.250123609",15.6953239275104
"PI619879.D1FY1ACXX.8.250123610",14.1766273117258
"PI619890.D1FY1ACXX.8.250123611",16.0169101437452
"PI619896.D1FY1ACXX.8.250123612",20.465314440233
"PI619897.D1FY1ACXX.8.250123613",14.5511043838384
"PI619901.D1FY1ACXX.8.250123614",14.3636888153023
"PI619902.D1FY1ACXX.8.250123615",14.3636888153023
"PI619903.D1FY1ACXX.8.250123616",19.8947113601603
"PI619904.D1FY1ACXX.8.250123617",27.0371905566012
"PI619920.D1FY1ACXX.8.250123619",16.1642725332854
"PI619921.D1FY1ACXX.8.250123620",12.9010166065565
"PI619928.D1FY1ACXX.8.250123621",13.0322148427128
"PI619933.D1FY1ACXX.8.250123624",13.525418598314
"PI619935.D1FY1ACXX.8.250123625",13.1004023215844
"PI619938.D1FY1ACXX.8.250123626",26.132584049382
"PI619939.D1FY1ACXX.8.250123627",26.132584049382
"PI619941.D1FY1ACXX.8.250123628",18.3361687630206
"PI619950.D1FY1ACXX.8.250123629",21.4801591664768
"PI619955.D1FY1ACXX.8.250123630",19.0023697905603
"PI619956.D1FY1ACXX.8.250123631",19.0023697905603
"PI619958.D1FY1ACXX.8.250123632",25.8039945824201
"PI619959.D1FY1ACXX.8.250123633",25.8039945824201
"PI619960.D1FY1ACXX.8.250123634",25.8039945824201
"PI619962.D1FY1ACXX.8.250123635",16.4831868860029
"PI619970.D1FY1ACXX.8.250123636",19.9086527918951
"PI619972.D1FY1ACXX.8.250123637",19.9086527918951
"PI619978.D1FY1ACXX.8.250123638",17.3622004622045
"PI619981.D1FY1ACXX.8.250123639",17.3622004622045
"PI619982.D1FY1ACXX.8.250123640",16.8816229090583
"PI619983.D1FY1ACXX.8.250123641",16.8816229090583
"PI619987.D1FY1ACXX.8.250123643",16.9004310172396
"PI619988.D1FY1ACXX.8.250123644",16.9004310172396
"PI619989.D1FY1ACXX.8.250123645",16.9004310172396
"PI619994.D1FY1ACXX.8.250123646",7.18123151370852
"PI620007.D1FY1ACXX.8.250123647",10.24012509483
"PI620020.D1FY1ACXX.8.250123648",12.1413911459129
"PI620024.D1FY1ACXX.8.250123649",15.251618708135
"PI620026.D1FY1ACXX.8.250123650",15.251618708135
"PI620050.D1FY1ACXX.8.250123651",20.9456705941108
"PI620055.D1FY1ACXX.8.250123652",16.303281029415
"PI620072.D1FY1ACXX.8.250123654",14.7776437994228
"PI620083.D1FY1ACXX.8.250123687",11.3515869346171
"PI620086.D1FY1ACXX.8.250123688",12.6985093361045
"PI620090.D1FY1ACXX.8.250123689",12.6985093361045
"PI620092.D1FY1ACXX.8.250123690",14.9667651415251
"PI620094.D1FY1ACXX.8.250123692",12.6985093361045
"PI620097.D1FY1ACXX.8.250123694",16.9446856946833
"PI620102.D1FY1ACXX.8.250123695",12.077730901778
"PI620105.D1FY1ACXX.8.250123696",12.2350006854257
"PI620106.D1FY1ACXX.8.250123697",12.2350006854257
"PI620110.D1FY1ACXX.8.250123698",10.8687639105339
"PI620111.D1FY1ACXX.8.250123699",16.9366655417458
"PI620112.D1FY1ACXX.8.250123700",16.9366655417458
"PI620119.D1FY1ACXX.8.250123702",9.40174703723693
"PI620120.D1FY1ACXX.8.250123703",9.40174703723693
"PI620121.D1FY1ACXX.8.250123704",17.9645890573871
"PI620122.D1FY1ACXX.8.250123705",17.9645890573871
"PI620129.D1FY1ACXX.8.250123706",12.9261837426189
"PI620140.D1FY1ACXX.8.250123707",10.3259612364302
"PI620150.D1FY1ACXX.8.250123708",14.3301528319458
"PI620156.D1FY1ACXX.8.250123709",15.4524406778042
"PI620157.D1FY1ACXX.8.250123710",15.4524406778042
"PI620173.D1FY1ACXX.8.250123712",17.9645890573871
"PI620180.D1FY1ACXX.8.250123713",28.6769503686099
"PI620181.D1FY1ACXX.8.250123714",28.6769503686099
"PI620367.D1FY1ACXX.8.250123715",23.3142221843825
"PI620368.D1FY1ACXX.8.250123716",23.2631486705632
"PI620369.D1FY1ACXX.8.250123717",17.493649104638
"PI620370.D1FY1ACXX.8.250123718",22.0138964411027
"PI620371.D1FY1ACXX.8.250123719",17.493649104638
"PI620372.D1FY1ACXX.8.250123720",28.4223336922554
"PI620373.D1FY1ACXX.8.250123721",26.3175736008436
"PI620375.D1FY1ACXX.8.250123722",19.0875827261627
"PI620376.D1FY1ACXX.8.250123723",16.9267611892683
"PI620377.D1FY1ACXX.8.250123724",16.9267611892683
"PI620382.D1FY1ACXX.8.250123725",14.1260143555041
"PI620383.D1FY1ACXX.8.250123726",14.1260143555041
"PI620385.D1FY1ACXX.8.250123727",24.9688143626961
"PI620386.D1FY1ACXX.8.250123728",24.9688143626961
"PI620396.D1FY1ACXX.8.250123729",25.4691267644577
"PI620405.D1FY1ACXX.8.250123730",23.5128288383838
"PI620406.D1FY1ACXX.8.250123731",23.5128288383838
"PI620409.D1FY1ACXX.8.250123732",23.5128288383838
"PI620411.D1FY1ACXX.8.250123733",26.6135612198912
"PI620414.D1FY1ACXX.8.250123734",19.9429212677218
"PI620415.D1FY1ACXX.8.250123735",19.9429212677218
"PI620416.D1EYBACXX.8.250140376",12.6013152006356
"PI620417.D1FY1ACXX.8.250123737",17.880196984127
"PI620418.D1FY1ACXX.8.250123738",17.880196984127
"PI620423.D1FY1ACXX.8.250123739",13.714960995671
"PI620424.D1FY1ACXX.8.250123740",13.714960995671
"PI620430.D1FY1ACXX.8.250123741",26.0406394936584
"PI620431.D1FY1ACXX.8.250123742",26.0406394936584
"PI620434.D1FY1ACXX.8.250123743",17.0175918903972
"PI620435.D1FY1ACXX.8.250123744",17.0175918903972
"PI620446.D1FY1ACXX.8.250123745",24.7025878513884
"PI620447.D1FY1ACXX.8.250123746",27.2823300598878
"PI620448.D1FY1ACXX.8.250123747",27.2823300598878
"PI620449.D1FY1ACXX.8.250123748",23.4274284476635
"PI620453.D1FY1ACXX.8.250123750",22.519410432141
"PI620454.D1FY1ACXX.8.250123751",20.7632650356833
"PI620459.D1FY1ACXX.8.250123752",17.6914259018759
"PI620460.D1FY1ACXX.8.250123753",17.6914259018759
"PI620461.D1FY1ACXX.8.250123754",20.420845368886
"PI620463.D1FY1ACXX.8.250123755",28.0617796542779
"PI620466.D1FY1ACXX.8.250123756",22.5634159649707
"PI620467.D1FY1ACXX.8.250123757",22.5634159649707
"PI620469.D1FY1ACXX.8.250123758",19.3875737677527
"PI620472.D1FY1ACXX.8.250123759",27.1853301194316
"PI620473.D1FY1ACXX.8.250123760",27.1853301194316
"PI620475.D1FY1ACXX.8.250123761",36.3226370643453
"PI620476.D1FY1ACXX.8.250123762",36.3226370643453
"PI620479.D1FY1ACXX.8.250123765",22.8800078462387
"PI620480.D1FY1ACXX.8.250123766",24.5626064438547
"PI620483.D1FY1ACXX.8.250123767",24.5626064438547
"PI620484.D1FY1ACXX.8.250123768",24.5626064438547
"PI620493.D1FY1ACXX.8.250123769",29.7876462618183
"PI620494.D1FY1ACXX.8.250123770",29.7876462618183
"PI620495.D1FY1ACXX.8.250123771",14.7953573503313
"PI620496.D1FY1ACXX.8.250123772",14.7953573503313
"PI620500.D1FY1ACXX.8.250123773",26.1834568326118
"PI620501.D1FY1ACXX.8.250123774",26.1834568326118
"PI620514.D1FY1ACXX.8.250123775",25.2489782306583
"PI620515.D1FY1ACXX.8.250123776",25.922372418307
"PI620516.D1FY1ACXX.8.250123777",16.7738508367188
"PI620517.D1FY1ACXX.8.250123778",16.7738508367188
"PI620519.D1FY1ACXX.8.250123779",16.3608480822511
"PI620520.D1FY1ACXX.8.250123780",19.3701892535243
"PI620521.D1FY1ACXX.8.250123781",22.8997154072422
"PI620522.D1G0BACXX.7.250129751",14.4768083638584
"PI620523.D1G0BACXX.7.250129763",24.6932564319206
"PI620524.D1G0BACXX.7.250129775",24.6932564319206
"PI620525.D1G0BACXX.7.250129787",24.6932564319206
"PI620527.D1G0BACXX.7.250129799",24.6932564319206
"PI620529.D1G0BACXX.7.250129811",26.0856357369672
"PI620537.D1G0BACXX.7.250129752",17.9380574255157
"PI620538.D1G0BACXX.7.250129764",17.9380574255157
"PI620539.D1G0BACXX.7.250129776",17.9380574255157
"PI620544.D1G0BACXX.7.250129788",24.483366324668
"PI620545.D1G0BACXX.7.250129800",24.483366324668
"PI620547.D1G0BACXX.7.250129812",42.7238361976912
"PI620548.D1G0BACXX.7.250129824",42.7238361976912
"PI620557.D1G0BACXX.7.250129836",14.6644426605372
"PI620560.D1G0BACXX.7.250129753",17.8605672311988
"PI620564.D1G0BACXX.7.250129765",21.8964179370629
"PI620565.D1G0BACXX.7.250129777",21.8964179370629
"PI620567.D1G0BACXX.7.250129789",26.3175736008436
"PI620570.D1G0BACXX.7.250129801",17.2713141202666
"PI620572.D1G0BACXX.7.250129813",24.0245939150193
"PI620578.D1G0BACXX.7.250129825",15.0251772387812
"PI620579.D1G0BACXX.7.250129837",12.1238077605288
"PI620610.D1G0BACXX.7.250129754",19.6184246083328
"PI620611.D1G0BACXX.7.250129766",19.9856965632407
"PI620615.D1G0BACXX.7.250129778",20.465314440233
"PI620617.D1G0BACXX.7.250129790",19.8947113601603
"PI620624.D1G0BACXX.7.250129802",14.8526917731158
"PI646200.D1G0BACXX.7.250129814",14.2911746120546
"PI646201.D1G0BACXX.7.250129826",14.2911746120546
"PI646202.D1G0BACXX.7.250129838",21.8200917193917
"PI646203.D1G0BACXX.7.250129755",21.8200917193917
"PI646205.D1G0BACXX.7.250129767",21.5255103857013
"PI646206.D1G0BACXX.7.250129779",21.5255103857013
"PI646207.D1G0BACXX.7.250129791",21.5255103857013
"PI646208.D1G0BACXX.7.250129803",21.5255103857013
"PI646209.D1G0BACXX.7.250129815",18.8235846031746
"PI646210.D1G0BACXX.7.250129827",14.8517738028638
"PI646211.D1G0BACXX.7.250129839",20.6166983478218
"PI646212.D1G0BACXX.7.250129756",15.2263821139971
"PI646213.D1G0BACXX.7.250129768",12.9912428651148
"PI646214.D1G0BACXX.7.250129780",15.0092245368183
"PI646215.D1G0BACXX.7.250129792",15.0092245368183
"PI646216.D1G0BACXX.7.250129804",15.0092245368183
"PI646217.D1G0BACXX.7.250129816",13.899884044844
"PI646223.D1G0BACXX.7.250129828",13.899884044844
"PI646230.D1G0BACXX.7.250129840",19.2869998452425
"PI646231.D1G0BACXX.7.250129757",28.6489181965633
"PI646233.D1G0BACXX.7.250129769",18.3738697747523
"PI646237.D1G0BACXX.7.250129805",17.1795684788541
"PI646239.D1G0BACXX.7.250129817",18.2082089338364
"PI646240.D1G0BACXX.7.250129829",15.1931791854822
"PI646241.D1G0BACXX.7.250129841",15.8784214562871
"PI646242.D1G0BACXX.7.250129758",19.6184246083328
"PI646243.D1G0BACXX.7.250129770",19.6184246083328
"PI646245.D1G0BACXX.7.250129794",11.7562183849419
"PI646246.D1G0BACXX.7.250129806",21.5137992174492
"PI646247.D1G0BACXX.7.250129818",21.6683511732733
"PI646248.D1G0BACXX.7.250129830",18.0787768783504
"PI646249.D1G0BACXX.7.250129842",22.549254043179
"PI646250.D1G0BACXX.7.250129759",16.5740602506317
"PI646251.D1G0BACXX.7.250129771",11.7900567860636
"PI646252.D1G0BACXX.7.250129783",11.7900567860636
"PI646254.D1G0BACXX.7.250129795",18.9474988564669
"PI646255.D1G0BACXX.7.250129807",13.4938637466162
"PI646256.D1G0BACXX.7.250129819",13.4938637466162
"PI646259.D1G0BACXX.7.250129831",9.52970147619048
"PI646260.D1G0BACXX.7.250129843",9.52970147619048
"PI646261.D1G0BACXX.7.250129760",20.1763943763812
"PI646262.D1G0BACXX.7.250129772",20.1763943763812
"PI646263.D1G0BACXX.7.250129784",15.934840003885
"PI646264.D1G0BACXX.7.250129796",15.934840003885
"PI646266.D1G0BACXX.7.250129808",16.5353580846931
"PI646267.D1G0BACXX.7.250129820",16.5353580846931
"PI646271.D1G0BACXX.7.250129832",24.048023765842
"PI646279.D1G0BACXX.7.250129844",14.1766273117258
"PI646280.D1G0BACXX.7.250129761",16.0169101437452
"PI646281.D1G0BACXX.7.250129773",16.0169101437452
"PI646283.D1G0BACXX.7.250129785",17.061377041701
"PI646289.D1G0BACXX.7.250129797",16.9179935122655
"PI646290.D1G0BACXX.7.250129809",22.9467666301438
"PI646291.D1G0BACXX.7.250129821",12.4682586752137
"PI646293.D1G0BACXX.7.250129845",13.1783777938202
"PI646294.D1G0BACXX.7.250129762",13.0322148427128
"PI646295.D1G0BACXX.7.250129774",16.682724515158
"PI646296.D1G0BACXX.7.250129786",16.4831868860029
"PI646297.D1G0BACXX.7.250129798",17.7568263997114
"PI646303.D1G0BACXX.7.250129810",12.1413911459129
"PI646304.D1G0BACXX.7.250129822",11.4396887615163
"PI646306.D1G0BACXX.7.250129834",20.9456705941108
"PI646307.D1G0BACXX.7.250129846",19.2992170629235
"PI646312.D1G0BACXX.7.250129878",10.3259612364302
"PI646313.D1G0BACXX.7.250129890",15.5607702685448
"PI646316.D1G0BACXX.7.250129914",13.9679232685865
"PI646317.D1G0BACXX.7.250129926",13.9679232685865
"PI646319.D1G0BACXX.7.250129938",14.393379798501
"PI646320.D1G0BACXX.7.250129950",15.1410920786008
"PI646321.D1G0BACXX.7.250129962",20.1053142905983
"PI646324.D1G0BACXX.7.250129903",21.0694634502924
"PI646325.D1G0BACXX.7.250129915",21.0694634502924
"PI646387.D1G0BACXX.7.250129927",27.3742248062113
"PI646388.D1G0BACXX.7.250129939",20.420845368886
"PI646389.D1G0BACXX.7.250129951",26.0078032175639
"PI646391.D1G0BACXX.7.250129880",14.6644426605372
"PI646392.D1G0BACXX.7.250129892",17.8605672311988
"PI647018.D1G0BACXX.7.250129904",24.3204281318448
"PI647019.D1EYBACXX.8.250140216",15.1699378904429
"PI647020.D1G0BACXX.7.250129928",15.1699378904429
"PI647021.D1G0BACXX.7.250129940",15.1699378904429
"PI647022.D1G0BACXX.7.250129952",16.9023654916358
"PI647023.D1G0BACXX.7.250129964",12.1682721496869
"PI647024.D1G0BACXX.7.250129881",16.1313518629168
"PI647025.D1G0BACXX.7.250129893",15.8183419777445
"PI647026.D1G0BACXX.7.250129905",23.1495693684094
"PI647027.D1G0BACXX.7.250129917",14.5516087752827
"PI647028.D1G0BACXX.7.250129929",18.4045327417028
"PI647029.D1G0BACXX.7.250129941",27.2063407209457
"PI658758.D1G0BACXX.7.250129953",17.9448454301254
"PI659693.D1G0BACXX.7.250129965",30.9365676745958
