"LONGITUDE","LATITUDE","Total_P","SOC","SAND","CLAY","DEPTH","MAT","MAP","PH","NPP","SLOPE","ELEVATION","BIOMES","BEDROCK","SOIL_TYPE","WRB_SOIL_TYPE"
8.33333,36.91667,155,29.2,454,224.75,7.5,18.5,744,5.93,11288.17,2,13,7,3,13,"Cambisols"
8.35,36.86667,65,20.9,439.1892,214.4595,7.5,18.3,735,5.59,11288.17,4,38,7,3,13,"Phaeozems"
8.35,36.86667,192.5,39.8,439.1892,214.4595,7.5,18.3,735,5.61,11288.17,4,38,7,3,13,"Phaeozems"
3.95,36.83,593.1,35,650,100,15,18,475,7.7,8847.525,12,392,7,3,13,"Luvisols"
3.95,36.83,405.9,30,650,100,15,18,475,7.9,8847.525,12,392,7,3,13,"Luvisols"
3.95,36.83,395.2,26,650,100,15,18,475,7.9,8847.525,12,392,7,3,13,"Luvisols"
3.95,36.83,124.8,6.4,900,50,15,18,475,8,8847.525,12,392,7,3,13,"Luvisols"
5.248333,35.9685,95.7,5.800464,268,416,10.01,14.52604,356,8.1,2436.177,1,921,7,6,11,"Calcisols"
5.616833,35.8895,257.3,6.960557,263,405,10.01,14.15313,363.5,7.9,2194.995,0,901,7,3,11,"Calcisols"
-5.501856,35.25143,704,46.27,397.0588,248.2353,10.01,11.69792,1094,5.743333,6231.389,29,1485,7,3,9,"Cambisols"
-6.47522,34.28505,114.6667,24.63667,470.7042,245.0704,10.01,17.89375,565.75,5.003333,4744.229,1,35,5,1,6,"Luvisols"
-6.902017,33.68607,489.6667,46.02667,315.4286,306.2857,10.01,16.845,470.6,6.403333,4382.915,2,324,7,6,13,"Luvisols"
10.66667,33.5,147,0.3424658,907.5342,31.64384,10.01,20,150,8.134247,1280.514,1,8,9,1,13,"Solonchaks"
-8.008889,31.63,1134.444,7.677778,412.1739,268.5507,10.01,19.36354,252.5,7.378889,2112.248,1,459,9,6,12,"Luvisols"
30.58333,30.58333,640.08,0.2,523.4286,220,5,15,1490,4,9549.49,0,26,9,1,12,"Calcisols"
30.9028,29.5539,1000,1.108837,918,34.2,10.01,22.025,15,8.65,3751.928,0,-1,9,6,7,"Leptosols"
-102.133,26.833,228.4,10,415.8209,280,7.5,21.4,246,9.5,2190.876,5,774,9,6,12,"Calcisols"
-102.133,26.833,87.3,13,415.8209,280,7.5,21.4,246,8.6,2190.876,5,774,9,6,12,"Calcisols"
-82.97,22.82,410,45.66667,328.8333,413.1667,10,24.4,2014,5.983333,9529.065,23,318,12,6,8,"Acrisols"
-98.8,21.3,798,33.201,362.6374,252.7473,10,24.4,1942,8.1,16190.44,22,300,12,5,11,"Luvisols"
-101,21.2,180,57.443,319.5876,185.567,10,17,577,6.5,5843.792,4,2002,12,2,9,"Phaeozems"
-89.28333,21.1,2900,187.355,441.2903,326.9355,3.75,25.8,760,7.4,9047.068,0,12,12,6,13,"Vertisols"
-89.28333,21.1,1700,217.5174,441.2903,326.9355,3.75,25.8,760,7.3,9047.068,0,12,12,6,13,"Vertisols"
-89.28,21.1,2900,33.30769,438.9231,330.4615,10,25.8,760,7.283077,9047.068,0,13,12,6,13,"Vertisols"
-101.34,19.62,820,39.34426,410.4918,307.2131,10,17.6,805,5.845902,9122.055,8,2583,12,2,4,"Luvisols"
-101.34,19.62,850,39.34426,410.4918,307.2131,10,17.6,805,5.845902,9122.055,8,2583,12,2,4,"Luvisols"
-98.4,19.6,185,21.607,673.4694,91.83673,10,13.6,669,5.9,6890.729,0,2508,12,7,4,"Phaeozems"
-98.4,19.6,175,13.702,711.3402,103.0928,10,13.6,669,6.8,6890.729,0,2508,12,7,4,"Phaeozems"
-105.066,19.517,1265.4,266,398.125,300,5,24.9,750,5.26,6978.16,8,39,12,1,6,"Phaeozems"
-105.066,19.517,1156.7,296,398.125,300,5,24.9,750,4.27,6978.16,8,39,12,1,6,"Phaeozems"
-105.066,19.517,987.7,171,398.125,300,5,24.9,750,5.78,6978.16,8,39,12,1,6,"Phaeozems"
-105.066,19.517,874.2,17,738.3178,122.5337,10,24.9,750,4.4,6978.16,8,39,12,1,6,"Phaeozems"
-105.0803,19.51684,548,18.907,650,100,3.5,26.4,750,6.5,6978.16,6,28,0,1,6,"Luvisols"
-105.0803,19.51684,599,49.84,650,100,1,26.4,750,6.5,6978.16,6,28,0,1,6,"Luvisols"
-101.6,19.5,495,25.296,428.5714,346.9388,10,16,1004,6.6,9452.825,8,2234,12,2,4,"Luvisols"
-105.0167,19.48333,320,26.7,478.5,299,5,26,849,5.87,7231.717,16,240,12,15,13,"Phaeozems"
-105.0167,19.48333,550,30.15,478.5,299,5,26,849,6.18,7231.717,16,240,12,15,13,"Phaeozems"
-105.0167,19.48333,195,16.5,478.5,299,5,26,849,5.98,7231.717,16,240,12,15,13,"Phaeozems"
-98.3,19.3,643,34.255,428.5714,153.8462,10,15.6,816,7.6,7015.215,0,2211,12,12,4,"Phaeozems"
-98.1,19.3,326,27.404,505.0505,131.3131,10,12.2,964,6.4,7015.215,8,2655,12,12,4,"Vertisols"
-98.1,19.3,333,22.661,736.8421,105.2632,10,12.2,964,7.8,7015.215,8,2655,12,12,4,"Vertisols"
-89.45,18.817,112.27,1.8,361.4516,470,7.5,24.4,890,6.2,9788.278,3,257,12,6,9,"Phaeozems"
-89.45,18.817,80.38,1.8,361.4516,470,7.5,24.4,890,6.2,9788.278,3,257,12,6,9,"Phaeozems"
-95.108,18.583,276.1905,28.87097,423.0645,302.4194,5,27,4900,5.462903,9587.298,16,351,12,15,13,"Luvisols"
-99.017,18.467,472.55,38.3,416.9355,340,5,24.5,851,7.3,9024.784,15,1089,12,6,11,"Leptosols"
-98.68,18.33,247,19.75806,405.6452,359.5161,10,24.5,839,6.916129,8885.158,4,1051,12,3,4,"Leptosols"
-98.68,18.33,312,19.75806,405.6452,359.5161,10,24.5,839,6.916129,8885.158,4,1051,12,3,4,"Leptosols"
-65.8297,18.3204,202,47,271.6129,430,10,22.5,3660,5.7,10492.84,19,401,12,12,11,"Acrisols"
-65.8159,18.3183,307,36,233.7097,540,10,22.5,3870,5,10492.84,27,466,12,12,11,"Ferralsols"
-65.7412,18.3156,210,28,326.3934,400,10,22.5,3540,5.3,10492.84,17,366,12,12,11,"Ferralsols"
-65.826,18.31,193,52,282.1311,520,10,22.5,3790,5.2,10492.84,13,519,12,12,11,"Acrisols"
-65.8183,18.3099,163,69,262.459,500,10,22.5,3920,4.9,10492.84,15,616,12,12,11,"Ferralsols"
-65.7703,18.3042,237,57,392.0635,310,10,22.5,3660,5.3,10492.84,15,427,12,12,11,"Ferralsols"
-65.8,18.3,292,23.2,388.8333,270,5,24,2467,5.3,10492.84,13,777,12,12,11,"Ferralsols"
-65.8,18.3,149,42.2,388.8333,270,5,24,2467,5.3,10492.84,13,777,12,12,11,"Ferralsols"
-65.8,18.3,146,7.2,388.8333,270,5,24,2467,5.3,10492.84,13,777,12,12,11,"Ferralsols"
-65.8,18.3,208,10,388.8333,270,22.5,24,2467,5.3,10492.84,13,777,12,12,11,"Ferralsols"
-65.8,18.3,100,18,388.8333,270,5,24,2467,5.3,10492.84,13,777,12,12,11,"Ferralsols"
-65.8,18.3,123,13.3,388.8333,270,22.5,24,2467,5.3,10492.84,13,777,12,12,11,"Ferralsols"
-65.8,18.3,83.1,12.7,388.8333,270,22.5,24,2467,5.3,10492.84,13,777,12,12,11,"Ferralsols"
-65.8,18.3,72.9,8.2,388.8333,270,47.5,24,2467,5.3,10492.84,13,777,12,12,11,"Ferralsols"
-65.8,18.3,212,4.8,388.8333,270,47.5,24,2467,5.3,10492.84,13,777,12,12,11,"Ferralsols"
-65.8,18.3,111,0.7,388.8333,270,47.5,24,2467,5.3,10492.84,13,777,12,12,11,"Ferralsols"
-65.8,18.3,105,4.2,388.8333,270,47.5,24,2467,5.3,10492.84,13,777,12,12,11,"Ferralsols"
-65.8,18.3,162,2.8,388.8333,270,5,24,2467,5.3,10492.84,13,777,12,12,11,"Ferralsols"
-65.8,18.3,119,1.9,388.8333,270,22.5,24,2467,5.3,10492.84,13,777,12,12,11,"Ferralsols"
-65.8,18.3,165,1.3,388.8333,270,22.5,24,2467,5.3,10492.84,13,777,12,12,11,"Ferralsols"
-65.8,18.3,181,0.7,388.8333,270,47.5,24,2467,5.3,10492.84,13,777,12,12,11,"Ferralsols"
-65.7858,18.2961,93,54,406.1905,290,10,22.5,4110,5.4,10492.84,10,735,12,12,11,"Ferralsols"
-65.7977,18.2927,210,135,423.9344,300,10,22.5,4110,5.2,10492.84,5,759,12,12,11,"Ferralsols"
-65.7956,18.2921,94,44,426.2903,270,10,22.5,4120,5.3,10492.84,6,766,12,12,11,"Ferralsols"
-65.7963,18.2919,196,140,424.5312,300,10,22.5,4100,5.2,10492.84,5,759,12,12,11,"Ferralsols"
-65.7949,18.2905,140,41,426.8852,280,10,22.5,4130,5.3,10492.84,6,775,12,12,11,"Ferralsols"
-65.79,18.29,148,60,427.4603,280,10,22.5,4000,5.4,10492.84,18,669,12,12,11,"Ferralsols"
-65.796,18.2894,275,166,423.9344,320,10,22.5,4150,5.3,10492.84,4,767,12,12,11,"Ferralsols"
-65.7907,18.2884,148,51,423.9344,290,10,22.5,3990,5.3,10492.84,16,652,12,12,11,"Ferralsols"
-65.7906,18.281,153,38,400.6154,320,10,22.5,4040,5.1,10492.84,13,693,12,12,11,"Ferralsols"
-65.8485,18.2773,213,62,345.0794,350,10,22.5,4130,4.9,10492.84,17,797,12,12,11,"Acrisols"
-65.7877,18.2747,196,48,393.6066,290,10,22.5,4010,5.2,10492.84,15,701,12,12,11,"Ferralsols"
-65.8525,18.2743,236,62,371.1667,370,10,22.5,4020,5,10492.84,19,684,12,12,11,"Ferralsols"
-65.7883,18.2724,157,56,392.2951,300,10,22.5,4020,5,10492.84,14,697,12,12,11,"Ferralsols"
-65.7872,18.2721,223,52,393.3871,310,10,22.5,3990,5.2,10492.84,13,674,12,12,11,"Ferralsols"
-65.786,18.2719,196,48,394.7541,310,10,22.5,4010,5,10492.84,14,656,12,12,11,"Ferralsols"
-65.7858,18.2714,154,26,394.1935,310,10,22.5,3980,5,10492.84,14,656,12,12,11,"Ferralsols"
-65.7856,18.271,175,43,393.3871,310,10,22.5,4000,5,10492.84,14,656,12,12,11,"Ferralsols"
-65.7944,18.2706,82,27,392.5397,350,10,22.5,3810,5.4,10492.84,12,534,12,12,11,"Ferralsols"
-65.7959,18.2679,149,27,391.2903,330,10,22.5,3850,5.2,10492.84,11,555,12,12,11,"Ferralsols"
-65.8397,18.2656,209,70,401.6393,320,10,22.5,4070,5.4,10492.84,24,727,12,12,11,"Ferralsols"
-65.803,18.2636,153,26,388.6667,310,10,22.5,3880,5.3,10492.84,14,629,12,12,11,"Ferralsols"
-65.7935,18.2631,217,17,380.9836,330,10,22.5,3540,5.4,10492.84,25,404,12,12,11,"Ferralsols"
-66.282,18.242,591,38,60,758,15,22.9,1803,5.1,11148.22,5,600,12,2,8,"Ferralsols"
-88.52444,18.16611,219,185.3,360.4918,453.4426,5,25.03,1589,7.4,12278.92,0,2,12,1,6,"Vertisols"
-88.52444,18.16611,202,43,360.4918,453.4426,5,25.03,1589,7.4,12278.92,0,2,12,1,6,"Vertisols"
-76.65,18.08333,590,510,397.1667,300,10.01,15.5,2448,5.1,14458.62,29,1630,12,5,11,"Cambisols"
-76.65,18.08333,840,130,397.1667,300,10.01,15.5,2448,5.1,14458.62,29,1630,12,5,11,"Cambisols"
0,16.3,110,4.5,815,117,5,30.00833,172.5,6.88,12.89525,0,255,9,8,7,"Arenosols"
-17.17,14.78,21,9.180328,678.6885,183.9344,60,25,550,7.2,4587.265,1,41,12,3,12,"Vertisols"
-17.17,14.78,18.5,9.180328,678.6885,183.9344,60,25,550,7.2,4587.265,1,41,12,3,12,"Vertisols"
-17.17,14.78,15.6,9.180328,678.6885,183.9344,60,25,550,7.4,4587.265,1,41,12,3,12,"Vertisols"
-17.17,14.78,14.1,9.180328,678.6885,183.9344,60,25,550,6.7,4587.265,1,41,12,3,12,"Vertisols"
-16.85,14.75,135.5,3.2,900,50,15,26.85,450,5.9,4176.151,1,45,12,3,10,"Arenosols"
-17,14.5,487,13.72,695,179.8276,12.5,26.26146,484.5,7.04,4587.265,1,24,12,3,12,"Lixisols"
-17,14.5,394,8.88,695,179.8276,12.5,26.26146,484.5,6.93,4587.265,1,24,12,3,12,"Lixisols"
-15.78,13.75,66.2,4.55,900,50,15,27.85,750,6.3,2586.05,2,16,12,3,10,"Lixisols"
2.1,13.5,399,0.615,494.4186,316.5116,10,29.64062,542,6.4,416.7154,1,185,12,1,10,"Lixisols"
2.1,13.5,337.5,0.18,494.4186,316.5116,37.5,29.64062,542,6.45,416.7154,1,185,12,1,10,"Lixisols"
2.1,13.5,385.5,0.08,494.4186,316.5116,95,29.64062,542,6.45,416.7154,1,185,12,1,10,"Lixisols"
2.1,13.5,235.5,0.065,494.4186,316.5116,74.5,29.64062,542,6.4,416.7154,1,185,12,1,10,"Lixisols"
2.270833,13.39722,310,0.259,889,73,7.5,29.48333,495.75,6,710.9466,0,201,9,3,10,"Arenosols"
2.270833,13.39722,314,0.173,842,123,27.5,29.48333,495.75,5.6,710.9466,0,201,9,3,10,"Arenosols"
2.270833,13.39722,294,0.138,825,138,65,29.48333,495.75,5.8,710.9466,0,201,9,3,10,"Arenosols"
30.16667,13.31667,39.78743,1.58343,793.1034,123.1034,15,27.43229,291,7.732759,699.0231,0,549,9,8,13,"Arenosols"
30.16667,13.31667,50.68551,2.512832,793.1034,123.1034,5,27.43229,291,7.732759,699.0231,0,549,9,8,13,"Arenosols"
30.16667,13.31667,40.43197,1.070312,793.1034,123.1034,15,27.43229,291,7.732759,699.0231,0,549,9,8,13,"Arenosols"
30.16667,13.31667,35.55902,1.067342,793.1034,123.1034,40,27.43229,291,7.732759,699.0231,0,549,9,8,13,"Arenosols"
30.16667,13.31667,39.03504,1.158364,793.1034,123.1034,25,27.43229,291,7.732759,699.0231,0,549,9,8,13,"Arenosols"
30.16667,13.31667,42.03863,1.812737,793.1034,123.1034,15,27.43229,291,7.732759,699.0231,0,549,9,8,13,"Arenosols"
30.16667,13.31667,27.4117,1.016978,793.1034,123.1034,40,27.43229,291,7.732759,699.0231,0,549,9,8,13,"Arenosols"
30.16667,13.31667,30.12095,1.111548,793.1034,123.1034,40,27.43229,291,7.732759,699.0231,0,549,9,8,13,"Arenosols"
30.16667,13.31667,33.58009,1.210693,793.1034,123.1034,15,27.43229,291,7.732759,699.0231,0,549,9,8,13,"Arenosols"
30.16667,13.31667,33.67354,0.9655369,793.1034,123.1034,25,27.43229,291,7.732759,699.0231,0,549,9,8,13,"Arenosols"
30.16667,13.31667,37.34256,1.166108,793.1034,123.1034,40,27.43229,291,7.732759,699.0231,0,549,9,8,13,"Arenosols"
30.16667,13.31667,28.41624,1.14414,793.1034,123.1034,25,27.43229,291,7.732759,699.0231,0,549,9,8,13,"Arenosols"
30.16667,13.31667,36.05814,1.44088,793.1034,123.1034,40,27.43229,291,7.732759,699.0231,0,549,9,8,13,"Arenosols"
30.16667,13.31667,25.65299,1.028847,793.1034,123.1034,25,27.43229,291,7.732759,699.0231,0,549,9,8,13,"Arenosols"
30.16667,13.31667,35.7751,1.023581,793.1034,123.1034,40,27.43229,291,7.732759,699.0231,0,549,9,8,13,"Arenosols"
30.16667,13.31667,37.92954,1.62727,793.1034,123.1034,40,27.43229,291,7.732759,699.0231,0,549,9,8,13,"Arenosols"
30.16667,13.31667,35.94194,0.8130218,793.1034,123.1034,40,27.43229,291,7.732759,699.0231,0,549,9,8,13,"Arenosols"
30.16667,13.31667,35.85026,1.208991,793.1034,123.1034,5,27.43229,291,7.732759,699.0231,0,549,9,8,13,"Arenosols"
30.16667,13.31667,35.77615,1.107363,793.1034,123.1034,25,27.43229,291,7.732759,699.0231,0,549,9,8,13,"Arenosols"
30.16667,13.31667,35.50115,1.000493,793.1034,123.1034,40,27.43229,291,7.732759,699.0231,0,549,9,8,13,"Arenosols"
30.16667,13.31667,49.92926,1.29944,793.1034,123.1034,5,27.43229,291,7.732759,699.0231,0,549,9,8,13,"Arenosols"
30.16667,13.31667,27.98141,1.496012,793.1034,123.1034,15,27.43229,291,7.732759,699.0231,0,549,9,8,13,"Arenosols"
30.16667,13.31667,35.40495,1.195356,793.1034,123.1034,15,27.43229,291,7.732759,699.0231,0,549,9,8,13,"Arenosols"
30.16667,13.31667,28.41361,0.9945994,793.1034,123.1034,25,27.43229,291,7.732759,699.0231,0,549,9,8,13,"Arenosols"
30.16667,13.31667,43.37382,1.658875,793.1034,123.1034,25,27.43229,291,7.732759,699.0231,0,549,9,8,13,"Arenosols"
30.16667,13.31667,44.9583,1.751894,793.1034,123.1034,40,27.43229,291,7.732759,699.0231,0,549,9,8,13,"Arenosols"
30.16667,13.31667,41.2239,1.452657,793.1034,123.1034,25,27.43229,291,7.732759,699.0231,0,549,9,8,13,"Arenosols"
30.16667,13.31667,48.83865,2.117308,793.1034,123.1034,15,27.43229,291,7.732759,699.0231,0,549,9,8,13,"Arenosols"
30.16667,13.31667,47.06478,1.721365,793.1034,123.1034,5,27.43229,291,7.732759,699.0231,0,549,9,8,13,"Arenosols"
30.16667,13.31667,38.61021,0.8564003,793.1034,123.1034,25,27.43229,291,7.732759,699.0231,0,549,9,8,13,"Arenosols"
30.16667,13.31667,64.45233,3.042723,793.1034,123.1034,5,27.43229,291,7.732759,699.0231,0,549,9,8,13,"Arenosols"
30.16667,13.31667,44.42369,2.471565,793.1034,123.1034,5,27.43229,291,7.732759,699.0231,0,549,9,8,13,"Arenosols"
30.16667,13.31667,28.82969,1.232945,793.1034,123.1034,5,27.43229,291,7.732759,699.0231,0,549,9,8,13,"Arenosols"
30.16667,13.31667,31.33259,1.227718,793.1034,123.1034,15,27.43229,291,7.732759,699.0231,0,549,9,8,13,"Arenosols"
30.16667,13.31667,38.05522,1.220667,793.1034,123.1034,5,27.43229,291,7.732759,699.0231,0,549,9,8,13,"Arenosols"
30.16667,13.31667,40.6133,1.354067,793.1034,123.1034,40,27.43229,291,7.732759,699.0231,0,549,9,8,13,"Arenosols"
30.16667,13.31667,65.64438,2.882347,793.1034,123.1034,5,27.43229,291,7.732759,699.0231,0,549,9,8,13,"Arenosols"
30.16667,13.31667,37.45605,1.426007,793.1034,123.1034,15,27.43229,291,7.732759,699.0231,0,549,9,8,13,"Arenosols"
30.16667,13.31667,30.12281,1.032728,793.1034,123.1034,25,27.43229,291,7.732759,699.0231,0,549,9,8,13,"Arenosols"
30.16667,13.31667,43.83575,1.977959,793.1034,123.1034,5,27.43229,291,7.732759,699.0231,0,549,9,8,13,"Arenosols"
30.16667,13.31667,49.25205,1.616182,793.1034,123.1034,25,27.43229,291,7.732759,699.0231,0,549,9,8,13,"Arenosols"
30.16667,13.31667,27.24924,0.9189665,793.1034,123.1034,15,27.43229,291,7.732759,699.0231,0,549,9,8,13,"Arenosols"
30.16667,13.31667,54.19177,2.234799,793.1034,123.1034,5,27.43229,291,7.732759,699.0231,0,549,9,8,13,"Arenosols"
30.16667,13.31667,46.73338,1.524717,793.1034,123.1034,15,27.43229,291,7.732759,699.0231,0,549,9,8,13,"Arenosols"
30.16667,13.31667,31.23748,0.8696119,793.1034,123.1034,40,27.43229,291,7.732759,699.0231,0,549,9,8,13,"Arenosols"
30.16667,13.31667,44.34896,1.553422,793.1034,123.1034,15,27.43229,291,7.732759,699.0231,0,549,9,8,13,"Arenosols"
30.16667,13.31667,79.92094,3.31212,793.1034,123.1034,5,27.43229,291,7.732759,699.0231,0,549,9,8,13,"Arenosols"
30.16667,13.31667,41.87189,1.39266,793.1034,123.1034,25,27.43229,291,7.732759,699.0231,0,549,9,8,13,"Arenosols"
30.5,13.3,42.28863,0.933326,783.6207,136.2069,40,27.51146,284.25,7.791379,699.0231,1,518,9,8,13,"Arenosols"
30.5,13.3,52.87704,2.35099,783.6207,136.2069,5,27.51146,284.25,7.791379,699.0231,1,518,9,8,13,"Arenosols"
30.5,13.3,37.21909,1.024094,783.6207,136.2069,40,27.51146,284.25,7.791379,699.0231,1,518,9,8,13,"Arenosols"
30.5,13.3,44.94676,1.139103,783.6207,136.2069,15,27.51146,284.25,7.791379,699.0231,1,518,9,8,13,"Arenosols"
30.5,13.3,44.39295,1.007631,783.6207,136.2069,25,27.51146,284.25,7.791379,699.0231,1,518,9,8,13,"Arenosols"
30.5,13.3,42.00194,1.232598,783.6207,136.2069,25,27.51146,284.25,7.791379,699.0231,1,518,9,8,13,"Arenosols"
30.5,13.3,42.50276,1.544295,783.6207,136.2069,15,27.51146,284.25,7.791379,699.0231,1,518,9,8,13,"Arenosols"
30.5,13.3,45.58456,2.086784,783.6207,136.2069,5,27.51146,284.25,7.791379,699.0231,1,518,9,8,13,"Arenosols"
30.5,13.3,29.30278,0.9177059,783.6207,136.2069,40,27.51146,284.25,7.791379,699.0231,1,518,9,8,13,"Arenosols"
30.5,13.3,30.31926,1.071126,783.6207,136.2069,40,27.51146,284.25,7.791379,699.0231,1,518,9,8,13,"Arenosols"
30.5,13.3,51.41912,1.72,783.6207,136.2069,5,27.51146,284.25,7.791379,699.0231,1,518,9,8,13,"Arenosols"
30.5,13.3,30.1552,1.146435,783.6207,136.2069,25,27.51146,284.25,7.791379,699.0231,1,518,9,8,13,"Arenosols"
30.5,13.3,60.58756,1.709118,783.6207,136.2069,15,27.51146,284.25,7.791379,699.0231,1,518,9,8,13,"Arenosols"
30.5,13.3,38.15794,0.7573197,783.6207,136.2069,40,27.51146,284.25,7.791379,699.0231,1,518,9,8,13,"Arenosols"
30.5,13.3,33.0429,1.22898,783.6207,136.2069,15,27.51146,284.25,7.791379,699.0231,1,518,9,8,13,"Arenosols"
30.5,13.3,31.42354,1.127353,783.6207,136.2069,25,27.51146,284.25,7.791379,699.0231,1,518,9,8,13,"Arenosols"
30.5,13.3,32.10837,1.40628,783.6207,136.2069,15,27.51146,284.25,7.791379,699.0231,1,518,9,8,13,"Arenosols"
30.5,13.3,35.68979,0.934582,783.6207,136.2069,25,27.51146,284.25,7.791379,699.0231,1,518,9,8,13,"Arenosols"
30.5,13.3,53.16601,1.748107,783.6207,136.2069,5,27.51146,284.25,7.791379,699.0231,1,518,9,8,13,"Arenosols"
30.5,13.3,44.24002,1.466837,783.6207,136.2069,15,27.51146,284.25,7.791379,699.0231,1,518,9,8,13,"Arenosols"
30.5,13.3,40.89401,1.648227,783.6207,136.2069,5,27.51146,284.25,7.791379,699.0231,1,518,9,8,13,"Arenosols"
30.5,13.3,40.17059,1.047245,783.6207,136.2069,15,27.51146,284.25,7.791379,699.0231,1,518,9,8,13,"Arenosols"
30.5,13.3,41.57371,1.786518,783.6207,136.2069,5,27.51146,284.25,7.791379,699.0231,1,518,9,8,13,"Arenosols"
30.5,13.3,60.50827,2.620722,783.6207,136.2069,5,27.51146,284.25,7.791379,699.0231,1,518,9,8,13,"Arenosols"
30.5,13.3,61.24669,1.258273,783.6207,136.2069,25,27.51146,284.25,7.791379,699.0231,1,518,9,8,13,"Arenosols"
30.5,13.3,38.92785,1.160918,783.6207,136.2069,40,27.51146,284.25,7.791379,699.0231,1,518,9,8,13,"Arenosols"
30.5,13.3,53.19398,1.06994,783.6207,136.2069,40,27.51146,284.25,7.791379,699.0231,1,518,9,8,13,"Arenosols"
30.5,13.3,43.43064,1.064218,783.6207,136.2069,40,27.51146,284.25,7.791379,699.0231,1,518,9,8,13,"Arenosols"
30.5,13.3,48.91448,1.460579,783.6207,136.2069,15,27.51146,284.25,7.791379,699.0231,1,518,9,8,13,"Arenosols"
30.5,13.3,42.66021,0.9633898,783.6207,136.2069,40,27.51146,284.25,7.791379,699.0231,1,518,9,8,13,"Arenosols"
30.5,13.3,37.16895,1.04283,783.6207,136.2069,25,27.51146,284.25,7.791379,699.0231,1,518,9,8,13,"Arenosols"
30.5,13.3,63.19916,3.118186,783.6207,136.2069,5,27.51146,284.25,7.791379,699.0231,1,518,9,8,13,"Arenosols"
30.5,13.3,43.39177,1.273614,783.6207,136.2069,25,27.51146,284.25,7.791379,699.0231,1,518,9,8,13,"Arenosols"
30.5,13.3,77.38754,3.59208,783.6207,136.2069,5,27.51146,284.25,7.791379,699.0231,1,518,9,8,13,"Arenosols"
30.5,13.3,53.62916,1.169549,783.6207,136.2069,25,27.51146,284.25,7.791379,699.0231,1,518,9,8,13,"Arenosols"
30.5,13.3,38.36418,1.113134,783.6207,136.2069,15,27.51146,284.25,7.791379,699.0231,1,518,9,8,13,"Arenosols"
7.83,11.33,164.4,7,422,152,5,25,1035,6.5,2377.298,0,661,12,8,10,"Acrisols"
7.83,11.33,150.4,4,450.5495,178.8212,3.5,25,1035,5.9,2377.298,0,661,12,8,10,"Acrisols"
7.83,11.33,141.9,4,445,243,14,25,1035,6.9,2377.298,0,661,12,8,10,"Acrisols"
7.83,11.33,113.1,3,230.7692,469.5305,19.5,25,1035,5.8,2377.298,0,661,12,8,10,"Acrisols"
7.63,11.18,3898,6.9,485.1667,160,7.5,24.9,1072,4.9,2377.298,1,689,12,8,10,"Acrisols"
7.63,11.18,192,13,477,143,5,24.83889,1000,5.5,2377.298,1,689,12,8,10,"Acrisols"
7.63,11.18,194,13.1,522,153,5,24.83889,1000,5.5,2377.298,1,689,12,8,10,"Acrisols"
7.63,11.18,236,23.9,342,138,5,24.83889,1000,5.7,2377.298,1,689,12,8,10,"Acrisols"
7.63,11.18,227,14.6,430,146,5,24.83889,1000,5.8,2377.298,1,689,12,8,10,"Acrisols"
7.63,11.18,171,13.2,407,143,5,24.83889,1000,5.4,2377.298,1,689,12,8,10,"Acrisols"
12,10.5,225,5.28,25,505,13,25.3,857,6.1,1578.857,10,445,12,3,6,"Acrisols"
12,10.5,239,4.23,75,355,3,25.3,857,6.4,1578.857,10,445,12,3,6,"Acrisols"
12,10.5,203,3.13,125,505,28,25.3,857,6.1,1578.857,10,445,12,3,6,"Acrisols"
12,10.5,210,2.96,125,505,52,25.3,857,6.4,1578.857,10,445,12,3,6,"Acrisols"
12,10.5,178,1.74,175,455,89,25.3,857,7.5,1578.857,10,445,12,3,6,"Acrisols"
-84.03,10.43,580,25.83333,412.8333,297,10,28.5,4200,5.173333,9370.043,5,63,12,10,4,"Ferralsols"
-84.02,10.43,1080,26.41667,404,306.1667,10,28.5,4200,5.185,9370.043,2,48,12,10,4,"Ferralsols"
-84,10.43,1650,23.53448,383.6207,316.5517,10,28.5,4200,5.237931,9370.043,1,34,12,10,4,"Andosols"
7.7,10.4,190.8,11.3,356.4356,247.5248,4.5,25,1242,5.4,3053.354,2,660,12,8,10,"Acrisols"
7.7,10.4,133.6,7.3,450,170,4.5,25,1242,6.2,3053.354,2,660,12,8,10,"Acrisols"
7.7,10.4,121.3,4.4,300,410,15,25,1242,5.3,3053.354,2,660,12,8,10,"Acrisols"
7.7,10.4,129.6,2.8,220,470,21,25,1242,5.5,3053.354,2,660,12,8,10,"Acrisols"
-84.66667,10.18333,1601,48.3,300,500,5,25.1,3464,4.04,8813.514,7,1318,12,10,4,"Andosols"
9,10,642,7.83,225,255,21.5,23.9,1264,5.3,2861.314,1,890,12,8,10,"Lixisols"
9,10,427,6.38,145,305,7.5,23.9,1264,5.5,2861.314,1,890,12,8,10,"Lixisols"
9,10,791,3.13,525,255,39,23.9,1264,5.3,2861.314,1,890,12,8,10,"Lixisols"
9,10,734,1.51,275,505,80,23.9,1264,5.6,2861.314,1,890,12,8,10,"Lixisols"
-83.56667,9.88333,749.3,57,373.1034,340,8,22,2650,5.2,9504.483,24,766,12,10,8,"Andosols"
-84.16,9.79,566.42,46.376,216.4948,494.8454,2.5,23,2700,6,9214.197,24,1022,12,6,8,"Cambisols"
-84.58,9.68,1051,38.91667,420,310,5,26,5100,6,8669.07,8,577,12,15,10,"Acrisols"
-84.58,9.68,557,38.91667,260,440,5,26,5100,5.4,8669.07,8,577,12,15,10,"Acrisols"
-79.7481,9.358214,74,28.1,40,320,10,27,2141,3.55,8352.333,8,236,12,2,13,"Acrisols"
-79.72609,9.356825,283,47.2,150,520,10,27,3404,5.06,8352.333,12,280,12,2,13,"Andosols"
40.16667,9.33333,910,7.8,150,375,12.5,26.4,519,8.4,4317.604,1,747,9,2,7,"Vertisols"
40.16667,9.33333,900,7.8,50,625,57.5,26.4,519,8,4317.604,1,747,9,2,7,"Vertisols"
40.16667,9.33333,1180,7.1,190,300,100,26.4,519,8.1,4317.604,1,747,9,2,7,"Vertisols"
40.16667,9.33333,1370,5.9,410,75,15,26.4,519,7.6,4317.604,1,747,9,2,7,"Vertisols"
40.16667,9.33333,1250,3.9,190,110,65,26.4,519,8.3,4317.604,1,747,9,2,7,"Vertisols"
40.16667,9.33333,1000,3.1,200,200,100,26.4,519,8.1,4317.604,1,747,9,2,7,"Vertisols"
-79.95411,9.332529,678,72.3,330,410,10,27,2875,5.84,8352.333,3,26,12,2,13,"Acrisols"
-79.74066,9.168776,175,52,130,720,10,27,2349,4.86,8352.333,7,174,12,2,13,"Acrisols"
-79.74642,9.168299,278,40.1,230,480,10,27,2357,4.71,8352.333,4,193,12,2,13,"Ferralsols"
-79.74512,9.159939,332,40,370,350,10,27,2336,5.02,8352.333,15,64,12,2,13,"Acrisols"
-79.71576,9.151815,280,46.5,150,520,10,27,2601,4.22,8352.333,3,113,12,2,13,"Acrisols"
-79.85,9.15,276,3.52,575,275,100,27,2600,5.11,8352.333,5,132,12,2,13,"Acrisols"
-79.85,9.15,323,3.16,100,450,100,27,2600,5.08,8352.333,5,132,12,2,13,"Acrisols"
-79.85,9.15,686,12.31,100,450,38.5,27,2600,4.97,8352.333,5,132,12,2,13,"Acrisols"
-79.85,9.15,419,24.32,300,350,9,27,2600,5.02,8352.333,5,132,12,2,13,"Acrisols"
-79.85,9.15,347,6.12,100,350,71,27,2600,5.03,8352.333,5,132,12,2,13,"Acrisols"
-79.85,9.15,121,4.08,100,350,32.5,27,2600,3.48,8352.333,5,132,12,2,13,"Acrisols"
-79.85,9.15,497,31.7,300,350,2.5,27,2600,5.31,8352.333,5,132,12,2,13,"Acrisols"
-79.85,9.15,757,12.67,100,450,52.5,27,2600,5.13,8352.333,5,132,12,2,13,"Acrisols"
-79.85,9.15,363,13.02,300,350,36.5,27,2600,5.07,8352.333,5,132,12,2,13,"Acrisols"
-79.85,9.15,926,23.37,100,350,16,27,2600,5.03,8352.333,5,132,12,2,13,"Acrisols"
-79.85,9.15,45,1.82,410.3448,340,77.5,27,2600,4.57,8352.333,5,132,12,2,13,"Acrisols"
-79.85,9.15,1114,37.34,500,400,3,27,2600,5.09,8352.333,5,132,12,2,13,"Acrisols"
-79.85,9.15,332,29.81,100,350,1.5,27,2600,5.25,8352.333,5,132,12,2,13,"Acrisols"
-79.85,9.15,105,1.95,100,450,81,27,2600,4.86,8352.333,5,132,12,2,13,"Acrisols"
-79.85,9.15,817,50.5,400,200,2.5,27,2600,6.24,8352.333,5,132,12,2,13,"Acrisols"
-79.85,9.15,244,13.92,100,350,11.5,27,2600,4.42,8352.333,5,132,12,2,13,"Acrisols"
-79.85,9.15,671,21.52,100,350,22.5,27,2600,5.7,8352.333,5,132,12,2,13,"Acrisols"
-79.85,9.15,315,21.73,200,600,4.5,27,2600,5.93,8352.333,5,132,12,2,13,"Acrisols"
-79.85,9.15,172,8.96,200,600,21.5,27,2600,5.01,8352.333,5,132,12,2,13,"Acrisols"
-79.85,9.15,120,4.37,200,600,42,27,2600,4.74,8352.333,5,132,12,2,13,"Acrisols"
-79.85,9.15,402,8.03,300,350,100,27,2600,4.97,8352.333,5,132,12,2,13,"Acrisols"
-79.85,9.15,88,0.6,575,275,100,27,2600,5.1,8352.333,5,132,12,2,13,"Acrisols"
-79.85,9.15,640,44,410.3448,331.5517,7.5,26.1,2600,5.4,8352.333,5,132,12,2,13,"Acrisols"
-79.69311,9.147872,471,39.3,250,410,10,27,2269,5.35,8352.333,7,157,12,2,13,"Acrisols"
-79.88252,9.143459,574,48.6,330,400,10,27,2591,5.72,8352.333,4,35,12,2,13,"Histosols"
-79.67313,9.121703,688,66,100,590,10,27,2628,5.48,8352.333,4,66,12,2,13,"Acrisols"
-79.84361,9.10861,600,44.6066,406.6667,349.6667,15,26,2600,5.2,8352.333,7,46,12,2,13,"Acrisols"
-79.8436,9.1086,350,35.41667,139,737,2.5,26,2600,5.4,8352.333,7,46,12,2,13,"Acrisols"
-79.9,9.1,339,82,470,330,2,26,2620,5.1,8352.333,1,50,12,2,13,"Acrisols"
-79.842,9.1,484.81,1.2,406.1667,330,7.5,26.1,2600,4.8,8352.333,4,37,12,2,13,"Acrisols"
-79.842,9.1,400.49,1.2,406.1667,330,22.5,26.1,2600,4.8,8352.333,4,37,12,2,13,"Acrisols"
-79.833,9.1,709.76,1.4,200,600,7.5,26.4,2600,4.8,8352.333,6,39,12,2,13,"Acrisols"
-79.833,9.1,656.7,1.4,409.5,360,37.5,26.4,2600,4.8,8352.333,6,39,12,2,13,"Acrisols"
-79.64419,9.078761,532,36.6,310,380,10,27,2033,5.46,8352.333,7,158,12,2,13,"Acrisols"
-79.7907,9.077123,91,33.9,130,310,10,27,2159,3.59,8352.333,8,50,12,2,13,"Acrisols"
-79.54831,9.075822,505,56.6,280,410,10,27,2027,6.42,8352.333,21,126,12,2,13,"Acrisols"
37.5,9.058,1017,1,264.6552,460,10,16.8,1203,6.2,9300.673,15,2341,12,2,13,"Luvisols"
37.5,9.058,885,1,264.6552,460,10,16.8,1203,5.8,9300.673,15,2341,12,2,13,"Luvisols"
38.5,9.05,375,20,175,665,25,15.8,1135,6.1,7565.323,1,2347,12,2,11,"Vertisols"
38.5,9.05,313,6.9,150,690,80,15.8,1135,7.8,7565.323,1,2347,12,2,11,"Vertisols"
38.5,9.05,453,4.1,200,660,100,15.8,1135,7.7,7565.323,1,2347,12,2,11,"Vertisols"
38.5,9.05,412,1.6,150,690,100,15.8,1135,7.4,7565.323,1,2347,12,2,11,"Vertisols"
38.3333,9.01667,240,18.4,125,740,15,17.2,1070,5.8,7565.323,4,2161,12,2,11,"Vertisols"
38.3333,9.01667,210,13,200,685,65,17.2,1070,7.1,7565.323,4,2161,12,2,11,"Vertisols"
38.3333,9.01667,230,5.4,175,685,100,17.2,1070,7.5,7565.323,4,2161,12,2,11,"Vertisols"
38.3333,9.01667,120,1.2,175,660,100,17.2,1070,7.5,7565.323,4,2161,12,2,11,"Vertisols"
5,9,144,3.83,905,88,9,27.7,1152,6.1,3783.139,2,164,12,15,10,"Gleysols"
5,9,172,1.8,587,403,96.5,27.7,1152,5,3783.139,2,164,12,15,10,"Gleysols"
5,9,143,1.62,845,151,33,27.7,1152,5.8,3783.139,2,164,12,15,10,"Gleysols"
-79.57842,8.987148,358,26.8,200,280,10,27,1800,4.33,6579.693,3,12,12,7,8,"Acrisols"
-79.6384,8.985917,794,73.4,180,490,10,27,2153,5.43,6579.693,5,121,12,7,8,"Acrisols"
-79.56421,8.97753,376,54.6,350,420,10,27,1860,3.34,6579.693,4,41,12,7,8,"Acrisols"
38.77,8.94,260,18,34.03403,770.7708,15,16,1200,7.4,5807.696,4,2186,12,2,6,"Leptosols"
38.77,8.94,243,12,25,795,15,16,1200,7.1,5807.696,4,2186,12,2,6,"Leptosols"
-79.57332,8.929297,518,52.5,450,280,10,27,1730,5.04,6579.693,1,5,12,7,8,"Acrisols"
-79.59594,8.927556,833,58.4,340,350,10,27,1790,6.49,6579.693,3,17,12,7,8,"Acrisols"
39,8.75,639,15,50,671,15,19,850,6.4,5807.696,1,1880,12,2,6,"Vertisols"
39,8.75,532,16,190.8092,353.6464,15,19,850,6.5,5807.696,1,1880,12,2,6,"Vertisols"
39,8.75,357,12,49.95005,707.2927,15,19,850,6.7,5807.696,1,1880,12,2,6,"Vertisols"
39,8.75,1261,25,203,307,15,19,850,7.1,5807.696,1,1880,12,2,6,"Vertisols"
-83.617,8.717,926.5,67.8,349.5,340,5,25.7,4027,6,7686.819,18,117,12,15,13,"Acrisols"
-83.617,8.717,495.9,64.5,349.5,340,5,25.7,4027,5.4,7686.819,18,117,12,15,13,"Acrisols"
-83.617,8.717,1051.4,68,349.5,340,5,26,5100,6,7686.819,18,117,12,15,13,"Acrisols"
-83.617,8.717,557.1,65,349.5,340,5,26,5100,5.4,7686.819,18,117,12,15,13,"Acrisols"
-83.617,8.717,639.5,50,349.5,340,5,26,5100,5.1,7686.819,18,117,12,15,13,"Acrisols"
-83.617,8.717,1099.8,55.7,349.5,340,5,25.7,4027,5.9,7686.819,18,117,12,15,13,"Acrisols"
-83.617,8.717,620.7,49.6,349.5,340,5,25.7,4027,5.1,7686.819,18,117,12,15,13,"Acrisols"
-83.617,8.717,1228,56,349.5,340,5,26,5100,5.9,7686.819,18,117,12,15,13,"Acrisols"
-62.633,8.5,78.3,10.33333,563.1667,251.3333,90,26.1,1300,4.8,6743.298,5,66,12,1,8,"Lixisols"
39.47,8.36,414,17,203.7962,550.4496,15,18,980,6.4,5602.814,2,1648,12,2,12,"Vertisols"
39.47,8.36,417,18,200,654,15,18,980,6.4,5602.814,2,1648,12,2,12,"Vertisols"
-61.7,8.1,178.96,12.9,713.2287,94.9905,15,24.76,1225,5.43,11863.54,2,286,12,8,8,"Acrisols"
-64.75,8,290.07,13.2,547.069,260,5,27.4,1333,6,5540.693,3,95,12,1,8,"Acrisols"
-64.75,8,248.71,23.8,547.069,260,5,27.4,1333,6,5540.693,3,95,12,1,8,"Acrisols"
-64.75,8,308.38,21.4,547.069,260,5,27.4,1333,6,5540.693,3,95,12,1,8,"Acrisols"
36.83333,7.68333,550,19.9,300,390,2.5,18.9,1669,5.2,12707.84,2,1728,12,2,8,"Nitisols"
38.75,7.58,1429,103,130,523,5,19,1250,7.6,5718.021,0,1583,0,1,11,"Cambisols"
3.9,7.5,160.4,3,702.9703,207.9208,28,26.2,1250,5.8,4086.055,3,218,12,8,10,"Lixisols"
3.9,7.5,184.5,5.8,690,180,10,26.2,1250,5.7,4086.055,3,218,12,8,10,"Lixisols"
36.12,7.32,1347,85,103,570,5,18,1800,6.4,12348.67,3,1896,12,2,8,"Nitisols"
1.65,7.07,130.5,8.7,860,70,8,27.1,1061,6.9,4359.713,3,159,12,8,10,"Lixisols"
1.65,7.07,108.4,12.6,580,230,12.5,27.1,1061,6.6,4359.713,3,159,12,8,10,"Lixisols"
1.65,7.07,106.2,10.4,800,90,8,27.1,1061,6.8,4359.713,3,159,12,8,10,"Lixisols"
1.65,7.07,85.3,4.1,871.2871,69.30693,24,27.1,1061,6.7,4359.713,3,159,12,8,10,"Lixisols"
1.65,7.07,157.9,18.8,600,250,4,27.1,1061,7.1,4359.713,3,159,12,8,10,"Lixisols"
1.65,7.07,107.1,6.3,790,70,22,27.1,1061,6.5,4359.713,3,159,12,8,10,"Lixisols"
1.65,7.07,165.9,9.7,770,140,9,27.1,1061,6.4,4359.713,3,159,12,8,10,"Lixisols"
1.65,7.07,138.5,3.7,790,130,25.5,27.1,1061,6.1,4359.713,3,159,12,8,10,"Lixisols"
4,7,393,9.92,313,394,10,27.2,1470,5.6,4332.141,1,88,12,8,10,"Lixisols"
4,7,402,7.71,191,578,30,27.2,1470,5.3,4332.141,1,88,12,8,10,"Lixisols"
4,7,338,4.64,149,618,90,27.2,1470,6.3,4332.141,1,88,12,8,10,"Lixisols"
4,7,272,4.35,149,618,70,27.2,1470,6,4332.141,1,88,12,8,10,"Lixisols"
4,7,290,3.6,101,613,100,27.2,1470,6.6,4332.141,1,88,12,8,10,"Lixisols"
4,7,262,2.78,137,633,100,27.2,1470,6.6,4332.141,1,88,12,8,10,"Lixisols"
4,7,308,0.64,200,628,50,27.2,1470,5.6,4332.141,1,88,12,8,10,"Lixisols"
7,7,371,5.39,722,148,6,27.4,1378,5.1,4738.612,1,40,12,3,11,"Acrisols"
7,7,460,4.64,694,248,24,27.4,1378,5,4738.612,1,40,12,3,11,"Acrisols"
7,7,529,3.07,457,528,92,27.4,1378,5.1,4738.612,1,40,12,3,11,"Acrisols"
7,7,464,2.73,447,518,100,27.4,1378,5.2,4738.612,1,40,12,3,11,"Acrisols"
7,7,261,2.49,668,298,53,27.4,1378,5.1,4738.612,1,40,12,3,11,"Acrisols"
38.41667,6.96667,170,16.7,425,200,15,19.1,1100,6.3,8543.183,11,1815,0,2,11,"Vertisols"
38.41667,6.96667,310,7,425,200,47,19.1,1100,6.3,8543.183,11,1815,0,2,11,"Vertisols"
38.41667,6.96667,120,3.9,200,335,92,19.1,1100,8.5,8543.183,11,1815,0,2,11,"Vertisols"
38.41667,6.96667,80,1.5,300,235,100,19.1,1100,8.5,8543.183,11,1815,0,2,11,"Vertisols"
1.68,6.9,154.9,5.6,870,100,7,27,1062,6.9,4499.018,2,163,12,3,8,"Lixisols"
1.68,6.9,145.6,2.9,821.7822,138.6139,27,27,1062,7,4499.018,2,163,12,3,8,"Lixisols"
5.64697,6.5773,68,13.34,844,56,13.5,26,1829,5.67,6190.246,3,59,12,3,8,"Acrisols"
5.64697,6.5773,44,4,824,116,39,26,1829,5.72,6190.246,3,59,12,3,8,"Acrisols"
5.64697,6.5773,52,2.61,764,136,63.5,26,1829,5.79,6190.246,3,59,12,3,8,"Acrisols"
5.64697,6.5773,49,2.49,754,136,88,26,1829,5.75,6190.246,3,59,12,3,8,"Acrisols"
3,6.5,302,40.6,697,81,5,27.2,1420,4.5,4457.092,0,16,12,1,8,"Acrisols"
3,6.5,154,11.6,873,74,15,27.2,1420,4.3,4457.092,0,16,12,1,8,"Acrisols"
3,6.5,175,3.65,830,128,78,27.2,1420,4.3,4457.092,0,16,12,1,8,"Acrisols"
3,6.5,114,3.25,873,83,39.5,27.2,1420,4.5,4457.092,0,16,12,1,8,"Acrisols"
3,6.5,127,2.38,785,171,100,27.2,1420,4.2,4457.092,0,16,12,1,8,"Acrisols"
1.18,6.38,113.7,5.1,850,90,10,26.6,985,6.5,4186.614,0,90,12,1,8,"Lixisols"
1.18,6.38,100.4,2.8,850,110,30,26.6,985,6.3,4186.614,0,90,12,1,8,"Lixisols"
-0.6,6.166667,3.4,21.55172,485.6897,332.2414,5,23.91146,1587.5,4.7,7109.273,11,390,12,8,8,"Acrisols"
-0.6,6.166667,9.2,21.55172,485.6897,332.2414,5,23.91146,1587.5,4,7109.273,11,390,12,8,8,"Acrisols"
-0.6,6.166667,6.4,21.55172,485.6897,332.2414,5,23.91146,1587.5,3.96,7109.273,11,390,12,8,8,"Acrisols"
-67.55,5.75,213.76,7.378,912,75,5,26.5,2338,4.7,4261.477,1,86,12,3,8,"Ferralsols"
9.0405,5.285,293,32,523.5,319.8333,2.5,24.76,2798,4.72,8193.816,19,435,12,2,8,"Acrisols"
8.99,5.19,230,31.33333,533.6667,295.6667,10,26.1,5060,4.811667,7479.339,4,365,12,8,8,"Ferralsols"
6.87744,5.13471,513,38.2,710,160,5,26.3,2337,4.85,6401.825,0,34,12,1,5,"Acrisols"
6.87744,5.13471,775,36.7,810,110,5,26.3,2337,4.6,6401.825,0,34,12,1,5,"Acrisols"
6.87744,5.13471,377,32.6,880,60,13.5,26.3,2337,5.25,6401.825,0,34,12,1,5,"Acrisols"
6.87744,5.13471,625,22.1,660,210,15,26.3,2337,4.65,6401.825,0,34,12,1,5,"Acrisols"
6.87744,5.13471,334,20.6,740,60,13.5,26.3,2337,5.2,6401.825,0,34,12,1,5,"Acrisols"
6.87744,5.13471,563,15.5,770,200,4.5,26.3,2337,4,6401.825,0,34,12,1,5,"Acrisols"
6.87744,5.13471,422,15.4,700,190,6.5,26.3,2337,4.9,6401.825,0,34,12,1,5,"Acrisols"
6.87744,5.13471,656,14.4,770,160,5,26.3,2337,5.4,6401.825,0,34,12,1,5,"Acrisols"
6.87744,5.13471,1050,14.3,610,330,21,26.3,2337,4.8,6401.825,0,34,12,1,5,"Acrisols"
6.87744,5.13471,293,14.3,180,120,10,26.3,2337,4.65,6401.825,0,34,12,1,5,"Acrisols"
6.87744,5.13471,129,12.2,840,110,4,26.3,2337,5.8,6401.825,0,34,12,1,5,"Acrisols"
6.87744,5.13471,573,11.6,660,300,33,26.3,2337,4.55,6401.825,0,34,12,1,5,"Acrisols"
6.87744,5.13471,875,10.7,640,270,3.5,26.3,2337,4.1,6401.825,0,34,12,1,5,"Acrisols"
6.87744,5.13471,969,10.4,640,250,26.5,26.3,2337,4.6,6401.825,0,34,12,1,5,"Acrisols"
6.87744,5.13471,625,10.3,680,270,45,26.3,2337,4.75,6401.825,0,34,12,1,5,"Acrisols"
6.87744,5.13471,250,9.7,500,420,16.5,26.3,2337,5.25,6401.825,0,34,12,1,5,"Acrisols"
6.87744,5.13471,1109,8.8,680,260,18,26.3,2337,4,6401.825,0,34,12,1,5,"Acrisols"
6.87744,5.13471,575,8.3,620,340,59.5,26.3,2337,4.7,6401.825,0,34,12,1,5,"Acrisols"
6.87744,5.13471,738,7.8,620,320,100,26.3,2337,4.9,6401.825,0,34,12,1,5,"Acrisols"
6.87744,5.13471,938,7.6,550,390,53,26.3,2337,4.95,6401.825,0,34,12,1,5,"Acrisols"
6.87744,5.13471,813,7.6,560,380,91,26.3,2337,5,6401.825,0,34,12,1,5,"Acrisols"
6.87744,5.13471,725,7.3,660,290,92,26.3,2337,4.9,6401.825,0,34,12,1,5,"Acrisols"
6.87744,5.13471,281,7,820,160,23.5,26.3,2337,4.7,6401.825,0,34,12,1,5,"Acrisols"
6.87744,5.13471,1172,6.7,520,360,17,26.3,2337,4.1,6401.825,0,34,12,1,5,"Acrisols"
6.87744,5.13471,89,6.5,780,160,5,26.3,2337,5.4,6401.825,0,34,12,1,5,"Acrisols"
6.87744,5.13471,551,6.1,600,360,95.5,26.3,2337,4.55,6401.825,0,34,12,1,5,"Acrisols"
6.87744,5.13471,1141,5.7,650,260,49,26.3,2337,4.2,6401.825,0,34,12,1,5,"Acrisols"
6.87744,5.13471,1187,5.3,540,260,57.5,26.3,2337,4.6,6401.825,0,34,12,1,5,"Acrisols"
6.87744,5.13471,375,4.9,750,210,42.5,26.3,2337,4.7,6401.825,0,34,12,1,5,"Acrisols"
6.87744,5.13471,688,4.7,620,280,93,26.3,2337,4.2,6401.825,0,34,12,1,5,"Acrisols"
6.87744,5.13471,413,4.6,520,280,47.5,26.3,2337,4.9,6401.825,0,34,12,1,5,"Acrisols"
6.87744,5.13471,1469,4.5,470,400,45.5,26.3,2337,3.9,6401.825,0,34,12,1,5,"Acrisols"
6.87744,5.13471,859,4.3,590,340,95,26.3,2337,4.6,6401.825,0,34,12,1,5,"Acrisols"
6.87744,5.13471,191,4.3,540,260,47.5,26.3,2337,4.9,6401.825,0,34,12,1,5,"Acrisols"
6.87744,5.13471,1281,3.8,440,400,76.5,26.3,2337,4.2,6401.825,0,34,12,1,5,"Acrisols"
6.87744,5.13471,522,3.8,620,340,100,26.3,2337,4.8,6401.825,0,34,12,1,5,"Acrisols"
6.87744,5.13471,63,3.8,800,150,15,26.3,2337,5.2,6401.825,0,34,12,1,5,"Acrisols"
6.87744,5.13471,625,3.7,600,220,100,26.3,2337,4.2,6401.825,0,34,12,1,5,"Acrisols"
6.87744,5.13471,94,3.5,860,130,12,26.3,2337,5.6,6401.825,0,34,12,1,5,"Acrisols"
6.87744,5.13471,1016,3.4,440,400,100,26.3,2337,4.1,6401.825,0,34,12,1,5,"Acrisols"
6.87744,5.13471,563,3.4,640,320,100,26.3,2337,4.7,6401.825,0,34,12,1,5,"Acrisols"
6.87744,5.13471,859,3.2,580,340,100,26.3,2337,4.7,6401.825,0,34,12,1,5,"Acrisols"
6.87744,5.13471,813,3,520,340,77.5,26.3,2337,4.4,6401.825,0,34,12,1,5,"Acrisols"
6.87744,5.13471,368,3,520,280,92.5,26.3,2337,4.9,6401.825,0,34,12,1,5,"Acrisols"
6.87744,5.13471,922,2.6,520,400,100,26.3,2337,4.4,6401.825,0,34,12,1,5,"Acrisols"
6.87744,5.13471,89,2,820,150,39,26.3,2337,5.6,6401.825,0,34,12,1,5,"Acrisols"
6.87744,5.13471,89,1.9,830,160,48,26.3,2337,5,6401.825,0,34,12,1,5,"Acrisols"
6.87744,5.13471,134,1.7,750,230,76.5,26.3,2337,5,6401.825,0,34,12,1,5,"Acrisols"
6.87744,5.13471,326,1.5,520,280,100,26.3,2337,4.85,6401.825,0,34,12,1,5,"Acrisols"
6.87744,5.13471,348,1.2,540,260,100,26.3,2337,4.85,6401.825,0,34,12,1,5,"Acrisols"
6.87744,5.13471,168,1.2,280,120,100,26.3,2337,6,6401.825,0,34,12,1,5,"Acrisols"
6.87744,5.13471,121,1.2,810,160,99,26.3,2337,5,6401.825,0,34,12,1,5,"Acrisols"
6.87744,5.13471,137,1.1,180,300,88.5,26.3,2337,5.15,6401.825,0,34,12,1,5,"Acrisols"
6.87744,5.13471,103,0.8,740,220,100,26.3,2337,4,6401.825,0,34,12,1,5,"Acrisols"
6.87744,5.13471,107,0.7,740,210,100,26.3,2337,4.5,6401.825,0,34,12,1,5,"Acrisols"
6.87744,5.13471,125,0.3,760,100,100,26.3,2337,5.4,6401.825,0,34,12,1,5,"Acrisols"
6.87744,5.13471,113,0.3,900,40,100,26.3,2337,4.45,6401.825,0,34,12,1,5,"Acrisols"
6.87744,5.13471,113,0.2,920,60,56.5,26.3,2337,5.9,6401.825,0,34,12,1,5,"Acrisols"
6.87744,5.13471,138,0.1,820,120,100,26.3,2337,6,6401.825,0,34,12,1,5,"Acrisols"
8.833333,5.083333,234,30.45244,875,75,7.5,25.64062,2652.25,4.763793,7479.339,5,155,12,8,8,"Andosols"
-61,5.08,89.75,12.2264,900,50,15,20.5,3100,5.2,7085.037,14,956,12,3,5,"Cambisols"
-61,5.08,55.09,21.0273,900,50,15,20.5,3100,5.2,7085.037,14,956,12,3,5,"Cambisols"
-61,5.08,66.38,32.5686,900,50,5,20.5,3100,4.88543,7085.037,14,956,12,3,5,"Cambisols"
-61,5.08,107.01,18.0234,900,50,15,20.5,3100,5.2,7085.037,14,956,12,3,5,"Cambisols"
-61,5.08,88.68,28.8269,900,50,5,20.5,3100,4.88543,7085.037,14,956,12,3,5,"Cambisols"
-61,5.08,76.07,14.6506,900,50,5,20.5,3100,4.88543,7085.037,14,956,12,3,5,"Cambisols"
-61,5.08,61.33,12.648,900,50,15,20.5,3100,5.2,7085.037,14,956,12,3,5,"Cambisols"
-61,5.08,54.68,13.3858,900,50,5,20.5,3100,4.88543,7085.037,14,956,12,3,5,"Cambisols"
6.66046,5.05811,513,38.2,710,160,5,26.7,2510,4.85,6401.825,0,5,12,1,5,"Acrisols"
6.66046,5.05811,775,36.7,810,110,5,26.7,2510,4.6,6401.825,0,5,12,1,5,"Acrisols"
6.66046,5.05811,377,32.6,880,60,13.5,26.7,2510,5.25,6401.825,0,5,12,1,5,"Acrisols"
6.66046,5.05811,625,22.1,660,210,15,26.7,2510,4.65,6401.825,0,5,12,1,5,"Acrisols"
6.66046,5.05811,334,20.6,740,60,13.5,26.7,2510,5.2,6401.825,0,5,12,1,5,"Acrisols"
6.66046,5.05811,563,15.5,770,200,4.5,26.7,2510,4,6401.825,0,5,12,1,5,"Acrisols"
6.66046,5.05811,422,15.4,700,190,6.5,26.7,2510,4.9,6401.825,0,5,12,1,5,"Acrisols"
6.66046,5.05811,656,14.4,770,160,5,26.7,2510,5.4,6401.825,0,5,12,1,5,"Acrisols"
6.66046,5.05811,1050,14.3,610,330,21,26.7,2510,4.8,6401.825,0,5,12,1,5,"Acrisols"
6.66046,5.05811,293,14.3,180,120,10,26.7,2510,4.65,6401.825,0,5,12,1,5,"Acrisols"
6.66046,5.05811,129,12.2,840,110,4,26.7,2510,5.8,6401.825,0,5,12,1,5,"Acrisols"
6.66046,5.05811,573,11.6,660,300,33,26.7,2510,4.55,6401.825,0,5,12,1,5,"Acrisols"
6.66046,5.05811,875,10.7,640,270,3.5,26.7,2510,4.1,6401.825,0,5,12,1,5,"Acrisols"
6.66046,5.05811,969,10.4,640,250,26.5,26.7,2510,4.6,6401.825,0,5,12,1,5,"Acrisols"
6.66046,5.05811,625,10.3,680,270,45,26.7,2510,4.75,6401.825,0,5,12,1,5,"Acrisols"
6.66046,5.05811,250,9.7,500,420,16.5,26.7,2510,5.25,6401.825,0,5,12,1,5,"Acrisols"
6.66046,5.05811,1109,8.8,680,260,18,26.7,2510,4,6401.825,0,5,12,1,5,"Acrisols"
6.66046,5.05811,595,8.3,620,340,59.5,26.7,2510,4.7,6401.825,0,5,12,1,5,"Acrisols"
6.66046,5.05811,738,7.8,620,320,100,26.7,2510,4.9,6401.825,0,5,12,1,5,"Acrisols"
6.66046,5.05811,938,7.6,550,390,53,26.7,2510,4.95,6401.825,0,5,12,1,5,"Acrisols"
6.66046,5.05811,813,7.6,560,380,91,26.7,2510,5,6401.825,0,5,12,1,5,"Acrisols"
6.66046,5.05811,725,7.3,660,290,92,26.7,2510,4.9,6401.825,0,5,12,1,5,"Acrisols"
6.66046,5.05811,281,7,820,160,23.5,26.7,2510,4.7,6401.825,0,5,12,1,5,"Acrisols"
6.66046,5.05811,1172,6.7,520,360,17,26.7,2510,4.1,6401.825,0,5,12,1,5,"Acrisols"
6.66046,5.05811,89,6.5,780,160,5,26.7,2510,5.4,6401.825,0,5,12,1,5,"Acrisols"
6.66046,5.05811,551,6.1,600,360,95.5,26.7,2510,4.55,6401.825,0,5,12,1,5,"Acrisols"
6.66046,5.05811,1141,5.7,650,260,49,26.7,2510,4.2,6401.825,0,5,12,1,5,"Acrisols"
6.66046,5.05811,1187,5.3,540,260,57.5,26.7,2510,4.6,6401.825,0,5,12,1,5,"Acrisols"
6.66046,5.05811,375,4.9,750,210,42.5,26.7,2510,4.7,6401.825,0,5,12,1,5,"Acrisols"
6.66046,5.05811,688,4.7,620,280,93,26.7,2510,4.2,6401.825,0,5,12,1,5,"Acrisols"
6.66046,5.05811,413,4.6,520,280,47.5,26.7,2510,4.9,6401.825,0,5,12,1,5,"Acrisols"
6.66046,5.05811,1469,4.5,470,400,45.5,26.7,2510,3.9,6401.825,0,5,12,1,5,"Acrisols"
6.66046,5.05811,859,4.3,590,340,95,26.7,2510,4.6,6401.825,0,5,12,1,5,"Acrisols"
6.66046,5.05811,191,4.3,540,260,47.5,26.7,2510,4.9,6401.825,0,5,12,1,5,"Acrisols"
6.66046,5.05811,1281,3.8,440,400,76.5,26.7,2510,4.2,6401.825,0,5,12,1,5,"Acrisols"
6.66046,5.05811,522,3.8,620,340,100,26.7,2510,4.8,6401.825,0,5,12,1,5,"Acrisols"
6.66046,5.05811,63,3.8,800,150,15,26.7,2510,5.2,6401.825,0,5,12,1,5,"Acrisols"
6.66046,5.05811,625,3.7,600,220,100,26.7,2510,4.2,6401.825,0,5,12,1,5,"Acrisols"
6.66046,5.05811,94,3.5,860,130,12,26.7,2510,5.6,6401.825,0,5,12,1,5,"Acrisols"
6.66046,5.05811,1016,3.4,440,400,100,26.7,2510,4.1,6401.825,0,5,12,1,5,"Acrisols"
6.66046,5.05811,563,3.4,640,320,100,26.7,2510,4.7,6401.825,0,5,12,1,5,"Acrisols"
6.66046,5.05811,859,3.2,580,340,100,26.7,2510,4.7,6401.825,0,5,12,1,5,"Acrisols"
6.66046,5.05811,813,3,520,340,77.5,26.7,2510,4.4,6401.825,0,5,12,1,5,"Acrisols"
6.66046,5.05811,368,3,520,280,92.5,26.7,2510,4.9,6401.825,0,5,12,1,5,"Acrisols"
6.66046,5.05811,922,2.6,520,400,100,26.7,2510,4.4,6401.825,0,5,12,1,5,"Acrisols"
6.66046,5.05811,89,2,820,150,39,26.7,2510,5.6,6401.825,0,5,12,1,5,"Acrisols"
6.66046,5.05811,89,1.9,830,160,48,26.7,2510,5,6401.825,0,5,12,1,5,"Acrisols"
6.66046,5.05811,134,1.7,750,230,76.5,26.7,2510,5,6401.825,0,5,12,1,5,"Acrisols"
6.66046,5.05811,326,1.5,520,280,100,26.7,2510,4.85,6401.825,0,5,12,1,5,"Acrisols"
6.66046,5.05811,348,1.2,540,280,100,26.7,2510,4.85,6401.825,0,5,12,1,5,"Acrisols"
6.66046,5.05811,168,1.2,280,120,100,26.7,2510,6,6401.825,0,5,12,1,5,"Acrisols"
6.66046,5.05811,121,1.2,810,160,99,26.7,2510,5,6401.825,0,5,12,1,5,"Acrisols"
6.66046,5.05811,137,1.1,180,300,88.5,26.7,2510,5.15,6401.825,0,5,12,1,5,"Acrisols"
6.66046,5.05811,103,0.8,740,220,100,26.7,2510,4,6401.825,0,5,12,1,5,"Acrisols"
6.66046,5.05811,107,0.7,740,210,100,26.7,2510,4.5,6401.825,0,5,12,1,5,"Acrisols"
6.66046,5.05811,125,0.3,760,100,100,26.7,2510,5.4,6401.825,0,5,12,1,5,"Acrisols"
6.66046,5.05811,113,0.3,900,40,100,26.7,2510,4.45,6401.825,0,5,12,1,5,"Acrisols"
6.66046,5.05811,113,0.2,920,60,56.5,26.7,2510,5.9,6401.825,0,5,12,1,5,"Acrisols"
6.66046,5.05811,138,0.1,830,120,100,26.7,2510,6,6401.825,0,5,12,1,5,"Acrisols"
12,5,404.9,19.4,546.2069,562,7.5,24.3375,1548,4.8,8902.018,1,600,12,8,8,"Ferralsols"
12,5,373.5,16.6,546.2069,570,15,24.3375,1548,4.8,8902.018,1,600,12,8,8,"Ferralsols"
12,5,501.9,30.3,546.2069,536,2.5,24.3375,1548,4.8,8902.018,1,600,12,8,8,"Ferralsols"
12,5,365.7,12.1,546.2069,621,30,24.3375,1548,4.9,8902.018,1,600,12,8,8,"Ferralsols"
12,5,441.5,12.8,546.2069,601,15,24.3375,1548,4.6,8902.018,1,600,12,8,8,"Ferralsols"
12,5,362,5.8,546.2069,770,70,24.3375,1548,4.8,8902.018,1,600,12,8,8,"Ferralsols"
12,5,440.6,14.9,546.2069,604,7.5,24.3375,1548,4.6,8902.018,1,600,12,8,8,"Ferralsols"
12,5,360.5,6.8,546.2069,657,50,24.3375,1548,4.9,8902.018,1,600,12,8,8,"Ferralsols"
12,5,406,8.8,546.2069,701,30,24.3375,1548,4.7,8902.018,1,600,12,8,8,"Ferralsols"
12,5,377.7,6.6,546.2069,754,50,24.3375,1548,4.6,8902.018,1,600,12,8,8,"Ferralsols"
12,5,491,24,546.2069,597,2.5,24.3375,1548,4.8,8902.018,1,600,12,8,8,"Ferralsols"
12,5,351.5,5,546.2069,650,70,24.3375,1548,5.1,8902.018,1,600,12,8,8,"Ferralsols"
12,5,350.3,4.8,546.2069,648,90,24.3375,1548,5.1,8902.018,1,600,12,8,8,"Ferralsols"
12,5,283.2,15.7,546.2069,549,15,24.3375,1548,4.7,8902.018,1,600,12,8,8,"Ferralsols"
12,5,375.6,17.2,546.2069,502,7.5,24.3375,1548,4.9,8902.018,1,600,12,8,8,"Ferralsols"
12,5,349.6,20.3,546.2069,497,7.5,24.3375,1548,5.1,8902.018,1,600,12,8,8,"Ferralsols"
12,5,383.5,17,546.2069,493,2.5,24.3375,1548,5,8902.018,1,600,12,8,8,"Ferralsols"
12,5,360.2,20.3,546.2069,493,2.5,24.3375,1548,5.2,8902.018,1,600,12,8,8,"Ferralsols"
12,5,323.7,12.6,546.2069,529,15,24.3375,1548,4.9,8902.018,1,600,12,8,8,"Ferralsols"
12,5,298.9,9.2,546.2069,578,30,24.3375,1548,4.9,8902.018,1,600,12,8,8,"Ferralsols"
12,5,257.6,7,546.2069,683,50,24.3375,1548,4.8,8902.018,1,600,12,8,8,"Ferralsols"
12,5,249.9,9.2,546.2069,648,30,24.3375,1548,4.7,8902.018,1,600,12,8,8,"Ferralsols"
12,5,254.4,5.6,546.2069,686,70,24.3375,1548,4.9,8902.018,1,600,12,8,8,"Ferralsols"
12,5,254.2,5.5,546.2069,686,90,24.3375,1548,4.9,8902.018,1,600,12,8,8,"Ferralsols"
12,5,290.2,5.3,546.2069,696,90,24.3375,1548,5.2,8902.018,1,600,12,8,8,"Ferralsols"
12,5,286.7,6.2,546.2069,693,50,24.3375,1548,5.2,8902.018,1,600,12,8,8,"Ferralsols"
12,5,287.5,5.5,546.2069,696,70,24.3375,1548,5.2,8902.018,1,600,12,8,8,"Ferralsols"
8.33582,4.96459,191,19.14,918,56,5,26.3,2758,4.92,6617.985,0,42,12,1,11,"Andosols"
8.33582,4.96459,184,12.65,856,118,15,26.3,2758,4.83,6617.985,0,42,12,1,11,"Andosols"
8.33582,4.96459,173,7.66,798,146,36.5,26.3,2758,4.81,6617.985,0,42,12,1,11,"Andosols"
8.33582,4.96459,191,3.77,778,166,85,26.3,2758,4.72,6617.985,0,42,12,1,11,"Andosols"
7.04984,4.81555,353,25.35,853,85,7.5,26.4,2641,4.54,5323.621,1,2,12,1,5,"Fluvisols"
7.04984,4.81555,788,18.33,866,56,5,26.4,2641,5.5,5323.621,1,2,12,1,5,"Fluvisols"
7.04984,4.81555,548,10.38,733,225,31.5,26.4,2641,4.72,5323.621,1,2,12,1,5,"Fluvisols"
7.04984,4.81555,323,9.57,816,126,13,26.4,2641,5.1,5323.621,1,2,12,1,5,"Fluvisols"
7.04984,4.81555,701,8.35,633,341,65,26.4,2641,4.72,5323.621,1,2,12,1,5,"Fluvisols"
7.04984,4.81555,285,6.9,786,136,24.5,26.4,2641,5.9,5323.621,1,2,12,1,5,"Fluvisols"
7.04984,4.81555,728,6.21,603,371,99.5,26.4,2641,4.78,5323.621,1,2,12,1,5,"Fluvisols"
7.04984,4.81555,248,5.39,766,136,44.5,26.4,2641,4.93,5323.621,1,2,12,1,5,"Fluvisols"
7.04984,4.81555,215,2.78,766,156,69,26.4,2641,5.14,5323.621,1,2,12,1,5,"Fluvisols"
7.04984,4.81555,191,1.91,726,216,100,26.4,2641,4.9,5323.621,1,2,12,1,5,"Fluvisols"
9,4.8,130.6,47.6,757,150.5,2.5,25.99,5180,5.47,6796.724,7,101,12,1,5,"Andosols"
7.15162,4.72382,701,26.86,771,183,3,26.5,2958,4.43,5323.621,0,14,12,1,5,"Acrisols"
7.15162,4.72382,788,22.45,751,203,10,26.5,2958,4.43,5323.621,0,14,12,1,5,"Acrisols"
7.15162,4.72382,975,14.15,691,283,35,26.5,2958,4.22,5323.621,0,14,12,1,5,"Acrisols"
7.15162,4.72382,1129,13.98,631,363,82.5,26.5,2958,4.8,5323.621,0,14,12,1,5,"Acrisols"
-71.31667,4.616667,274,23.913,575,275,5,27,2240,5.3,6825.599,0,171,12,1,8,"Ferralsols"
13.265,4.5859,450,29.1,387.1,532.6,5,23.5,1550,5.6,10117.42,4,691,12,8,5,"Acrisols"
13.26464,4.539569,390,14.5,526.7241,504,15,23.64375,1510.25,4.7,10117.42,2,667,12,8,5,"Acrisols"
13.26464,4.539569,380,19.3,526.7241,461,7.5,23.64375,1510.25,5,10117.42,2,667,12,8,5,"Acrisols"
13.26464,4.539569,440,20.2,526.7241,458,2.5,23.64375,1510.25,5.1,10117.42,2,667,12,8,5,"Acrisols"
13.26464,4.539569,380,8.6,526.7241,610,30,23.64375,1510.25,4.8,10117.42,2,667,12,8,5,"Acrisols"
13.26464,4.539569,370,6.6,526.7241,681,50,23.64375,1510.25,4.9,10117.42,2,667,12,8,5,"Acrisols"
13.26464,4.539569,360,5.2,526.7241,690,70,23.64375,1510.25,4.9,10117.42,2,667,12,8,5,"Acrisols"
13.2551,4.5353,450,18.8,399.1,551.7,5,23.5,1550,4.3,10117.42,2,676,12,8,5,"Ferralsols"
13.27676,4.518917,380,8.4,535.9322,697,30,23.6125,1519.75,4.6,10117.42,1,663,12,8,5,"Ferralsols"
13.27676,4.518917,390,12.8,535.9322,590,15,23.6125,1519.75,4.5,10117.42,1,663,12,8,5,"Ferralsols"
13.27676,4.518917,380,14.9,535.9322,587,7.5,23.6125,1519.75,4.6,10117.42,1,663,12,8,5,"Ferralsols"
13.27676,4.518917,360,5.6,535.9322,749,70,23.6125,1519.75,4.8,10117.42,1,663,12,8,5,"Ferralsols"
13.27676,4.518917,440,24.5,535.9322,580,2.5,23.6125,1519.75,4.7,10117.42,1,663,12,8,5,"Ferralsols"
13.27676,4.518917,370,6.6,535.9322,738,50,23.6125,1519.75,4.6,10117.42,1,663,12,8,5,"Ferralsols"
13.267,4.517,380,8.4,522.2034,370,30,23.5,1450,4.6,10117.42,4,670,12,8,5,"Ferralsols"
13.267,4.517,390,12.8,522.2034,370,15,23.5,1450,4.5,10117.42,4,670,12,8,5,"Ferralsols"
13.267,4.517,380,14.9,522.2034,370,7.5,23.5,1450,4.6,10117.42,4,670,12,8,5,"Ferralsols"
13.267,4.517,360,5.6,522.2034,370,70,23.5,1450,4.8,10117.42,4,670,12,8,5,"Ferralsols"
13.267,4.517,440,24.5,522.2034,370,2.5,23.5,1450,4.7,10117.42,4,670,12,8,5,"Ferralsols"
13.267,4.517,370,6.6,522.2034,370,50,23.5,1450,4.6,10117.42,4,670,12,8,5,"Ferralsols"
13.267,4.517,300,14.5,522.2034,370,15,23.5,1450,4.7,10117.42,4,670,12,8,5,"Ferralsols"
13.267,4.517,330,19.3,522.2034,370,7.5,23.5,1450,5,10117.42,4,670,12,8,5,"Ferralsols"
13.267,4.517,340,20.2,522.2034,370,2.5,23.5,1450,5.1,10117.42,4,670,12,8,5,"Ferralsols"
13.267,4.517,270,6.6,522.2034,370,50,23.5,1450,4.9,10117.42,4,670,12,8,5,"Ferralsols"
13.267,4.517,270,5.2,522.2034,370,70,23.5,1450,4.9,10117.42,4,670,12,8,5,"Ferralsols"
13.267,4.517,260,8.6,522.2034,370,30,23.5,1450,4.8,10117.42,4,670,12,8,5,"Ferralsols"
-71.32,4.5,216,26.1,441.8033,245.2459,5,27,2240,4.9,6825.599,1,144,12,1,8,"Ferralsols"
-71.317,4.5,212,26.1,100,450,5,27,2240,4.9,6825.599,1,146,12,1,8,"Ferralsols"
11.533,3.85,1229.8,73.3,223,174,5,18,1700,5.9,10131.63,2,731,12,8,5,"Andosols"
-61.33,3.33,61,16.33333,541.5,263.1667,10,31.6,1800,5.258333,7162.86,0,84,12,8,8,"Acrisols"
-76.55,2.8,540,47.233,344.6552,430,15,19.3,1900,5.3,10937.17,11,1529,12,5,11,"Andosols"
-76.55,2.8,856,54.08,344.6552,430,2.5,19.3,1900,5.3,10937.17,11,1529,12,5,11,"Andosols"
-76.55,2.8,640,49.367,344.6552,430,7.5,19.3,1900,5.3,10937.17,11,1529,12,5,11,"Andosols"
16.55417,2.609444,194.0234,16.3898,513.9286,337.8571,7.5,24.45937,1642.75,5.175,10120.06,2,456,12,1,12,"Ferralsols"
34.51667,2.3,2000,68.44548,188,225,10,22.36146,891,6.3,4387.633,1,1234,12,8,5,"Vertisols"
35.1,2.208333,857.1429,41.76334,473,128,10,21.48125,676,6.4,3713.181,7,1411,12,8,12,"Vertisols"
35.1,2.075,500,40.0232,599,97,10,21.12396,710,6.7,3713.181,3,1454,12,8,12,"Acrisols"
-67,1.9,29.08,20.5,887.2113,53.79462,15,26.05,3177,5.03,8220.123,1,87,12,9,5,"Ferralsols"
-67,1.9,102.61,18.4,883.6116,83.79162,15,26.06,3177,4.79,8220.123,1,87,12,9,5,"Ferralsols"
35.19167,1.866667,76.92308,59.16473,672,80,10,21.67813,766,6.9,4993.003,9,1304,12,8,12,"Cambisols"
35.25,1.791667,100,45.24362,549,104,10,22.01458,779,6.3,4993.003,8,1281,12,8,12,"Leptosols"
-51.46,1.72,100,18.125,457.5,354.8214,2.5,25.7,2272,3.9,9426.582,8,133,12,9,5,"Ferralsols"
-51.46,1.72,200,18.125,457.5,354.8214,2.5,25.7,2272,3.8,9426.582,8,133,12,9,5,"Ferralsols"
37.88333,0.28333,230,10,309.6552,444.4828,10.01,21.75,640,6.3,5454.229,10,1793,12,10,12,"Nitisols"
-76.2,-0.6,335.98,18.2,31,566,15,25.79,3328,4.39,14382.39,0,221,12,3,5,"Acrisols"
-76.1,-0.6,584.79,17.4,430,340.2,15,25.79,3328,4.61,14382.39,0,216,12,3,5,"Ferralsols"
-78.5,-0.667,199.3087,59.22414,518.7931,138.2759,22.5,8.1,1130,5.451328,7969.999,10,3740,12,12,4,"Andosols"
-76.5,-0.7,415.68,16,364.5,285.3,15,25.68,3328,4.63,14895.64,3,253,12,1,5,"Ferralsols"
-76.5,-0.7,412.83,14.2,466.5,300.4,15,25.68,3328,4.95,14895.64,3,253,12,1,5,"Ferralsols"
-52.2,-0.9,189.13,22.7,42.7,807.3,15,26.37,2393,4.05,7823.069,2,77,12,3,5,"Ferralsols"
-47,-1,72.07,10,432.2414,310,15,25.5,2300,4.72,5158.227,0,4,12,3,10,"Gleysols"
-47,-1,86.07,8,432.2414,310,15,25.5,2300,4.48,5158.227,0,4,12,3,10,"Gleysols"
-47,-1,63.36,8,432.2414,310,7.5,25.5,2300,4.43,5158.227,0,4,12,3,10,"Gleysols"
-47,-1,98.04,10.4,432.2414,310,7.5,25.5,2300,4.34,5158.227,0,4,12,3,10,"Gleysols"
-47,-1,113.9,10.3,432.2414,310,15,25.5,2300,4.29,5158.227,0,4,12,3,10,"Gleysols"
-47,-1,73.82,21.7,432.2414,310,2.5,25.5,2300,5.31,5158.227,0,4,12,3,10,"Gleysols"
-47,-1,72.63,13.3,432.2414,310,2.5,25.5,2300,4.48,5158.227,0,4,12,3,10,"Gleysols"
-47,-1,80.27,13,432.2414,310,7.5,25.5,2300,5.16,5158.227,0,4,12,3,10,"Gleysols"
-47,-1,104.6,13.5,432.2414,310,2.5,25.5,2300,4.28,5158.227,0,4,12,3,10,"Gleysols"
-47,-1,63.59,11,432.2414,310,7.5,25.5,2300,4.5,5158.227,0,4,12,3,10,"Gleysols"
-47,-1,58.58,13.2,432.2414,310,2.5,25.5,2300,5.01,5158.227,0,4,12,3,10,"Gleysols"
-47,-1,81.5,10.7,432.2414,310,15,25.5,2300,4.67,5158.227,0,4,12,3,10,"Gleysols"
9.42,-1,46.2,6.3,190,120,8.5,28,950,5.3,8937.596,1,6,12,3,12,"Arenosols"
9.42,-1,129.75,12,540,150,23,28,950,6.2,8937.596,1,6,12,3,12,"Arenosols"
9.42,-1,95.05,4.2,280,430,100,28,950,5.5,8937.596,1,6,12,3,12,"Arenosols"
9.42,-1,59.05,2.8,200,320,61,28,950,5.9,8937.596,1,6,12,3,12,"Arenosols"
9.42,-1,34.6,2.3,240,470,100,28,950,6,8937.596,1,6,12,3,12,"Arenosols"
-77.6,-1.1,163.46,24,417.3,306.6,15,23.49,4113,4.37,15220.54,2,401,12,3,11,"Ferralsols"
-77.6,-1.1,150.89,20.9,401.9,326.4,15,23.59,4113,4.49,15220.54,2,401,12,3,11,"Ferralsols"
-77.6,-1.1,167.26,21.5,414.7,289.1,15,23.47,4113,4.77,15220.54,2,401,12,3,11,"Ferralsols"
-77.6,-1.1,668.47,28.8,346.4,316.3,15,23.67,4113,5.09,15220.54,2,401,12,3,11,"Ferralsols"
-51.5,-1.7,114.95,11.7,241.8,462,15,25.35,2856,3.96,7670.424,1,39,12,3,11,"Ferralsols"
-51.5,-1.7,115.4,12.8,640.236,253.4747,15,25.38,2856,4,7670.424,1,39,12,3,11,"Ferralsols"
35.25,-1.791667,130,16.2,454,84,10,18.1625,779,6.21,9091.238,5,1855,12,8,11,"Acrisols"
-77.6,-1.8,968.16,119.9,302.7,218.1,15,23.8,3648,4.71,15836.44,4,496,12,3,11,"Acrisols"
-53.5,-2,439.2,13.6,15,858,5,27.3,183,3.8,7233.71,0,5,12,1,8,"Ferralsols"
-53.5,-2,607.8,11.6,858,79,5,27.3,183,3.7,7233.71,0,5,12,1,8,"Ferralsols"
34.85556,-2.4375,1100,12.8,700,189,10,20.29479,670,7.44,8266.927,4,1541,12,8,11,"Vertisols"
-60.017,-2.5,42.6,23.4,456.9492,370,7.5,26.2,2500,4.7,7552.04,4,87,12,3,5,"Ferralsols"
-60.2,-2.6,101.78,25.9,199,677.1,15,26.93,2250,3.94,7552.04,5,93,12,3,5,"Ferralsols"
-60.2,-2.6,25.02,13.4,528.7931,330,15,26.96,2250,4.73,7552.04,5,93,12,3,5,"Ferralsols"
-60.2,-2.6,36.54,7.9,209.721,662.1662,15,27,2250,4.1,7552.04,5,93,12,3,5,"Ferralsols"
-60.2,-2.6,111.32,21.7,156.4156,683.9684,15,26.95,2250,4.24,7552.04,5,93,12,3,5,"Ferralsols"
-55,-2.6,192.34,25.4,28.6,892.5,15,25.87,2009,3.84,7398.396,0,3,0,1,8,"Alisols"
35.15,-2.6,3300,13.4,321,125,10,19.04687,537,8.26,4661.083,1,1726,12,8,11,"Phaeozems"
-54.9528,-2.75132,192.6,23.6,20,890,15,25.1,1960,3.8,7105.005,4,169,12,3,5,"Ferralsols"
-55,-2.83333,265.1,28,542.931,320,5,25,2000,3.73,7398.396,8,62,12,1,8,"Ferralsols"
-47.51667,-2.98,166,37,200,600,5,26.5,1760,5.285714,6020.95,1,133,12,1,5,"Ferralsols"
-59.983,-2.983,512,0.6,439.1525,330,5,25,2100,4.4,7475.208,2,59,12,3,8,"Ferralsols"
-59.983,-2.983,172,0.6,439.1525,330,5,25,2100,4.4,7475.208,2,59,12,3,8,"Ferralsols"
-59.983,-2.983,141,0.6,439.1525,330,5,25,2100,4.4,7475.208,2,59,12,3,8,"Ferralsols"
-47.51667,-2.98333,396,25.17241,86,613,1.25,26.45,1800,5.7,6020.95,1,127,12,1,5,"Ferralsols"
-47.51667,-2.98333,173,29,355,750,5,26.45,1760,4.936207,6020.95,1,127,12,1,5,"Ferralsols"
-54.983,-3.067,89.4,14.3,898,77,5,25,2000,4.138232,7742.718,5,150,12,3,5,"Ferralsols"
-54.983,-3.067,127.6,24.8,486,474,5,25,2000,4.138232,7742.718,5,150,12,3,5,"Ferralsols"
-60.8,-3.08,58,18.9,527,280,2.5,26,2503,4.25,7365.384,1,62,12,1,5,"Acrisols"
-60.8,-3.08,51.9,18.9,527,280,2.5,26,2503,4.25,7365.384,1,62,12,1,5,"Acrisols"
-70,-3.1,237.02,16.4,240.9759,356.9643,15,25.92,2803,3.97,9107.104,1,98,12,3,5,"Acrisols"
-70,-3.1,190.41,13.1,381.3381,310.131,15,25.92,2803,4.13,9107.104,1,98,12,3,5,"Acrisols"
-54.9528,-3.22751,79.1,16.4,230,660,15,25.9,1880,3.8,7742.718,3,157,12,3,5,"Ferralsols"
-54.933,-3.267,39.6,14,910,50,5,25.5,1898,5.3,7742.718,4,101,12,3,5,"Ferralsols"
-54.933,-3.267,139.7,20.2,400,550,5,25.5,1898,5,7742.718,4,101,12,3,5,"Ferralsols"
-72.9,-3.3,263.91,17.8,323.6,457.2,15,26.22,2754,4.42,9064.737,1,88,12,1,5,"Histosols"
-72.9,-3.3,305.33,15.9,383.8,472.6,15,26.21,2754,4.55,9064.737,1,88,12,1,5,"Histosols"
-54.9,-3.3,78.89,16.4,234.8,661,15,25.87,2009,3.78,7742.718,5,133,12,3,5,"Ferralsols"
-72.9,-3.4,352.75,15.7,321.9678,274.8725,15,26.31,2754,5.2,9064.737,1,97,12,1,5,"Acrisols"
-72.8,-3.4,477.26,13,100.8899,283.5716,15,26.31,2754,5.15,9064.737,2,89,0,1,5,"Alisols"
38.5,-3.5,7.666667,78.13333,550.6897,295.6897,15,23,2000,5.513333,4938.545,4,803,9,8,7,"Lixisols"
38.5,-3.5,13.66667,102.6,550.6897,295.6897,15,23,2000,5.38,4938.545,4,803,9,8,7,"Lixisols"
38.5,-3.5,10.33333,75.3,550.6897,295.6897,15,23,2000,4.88,4938.545,4,803,9,8,7,"Lixisols"
38.5,-3.5,21.33333,51.83667,550.6897,295.6897,15,23,2000,5.523333,4938.545,4,803,9,8,7,"Lixisols"
38.5,-3.5,5,46.16667,550.6897,295.6897,15,23,2000,5.96,4938.545,4,803,9,8,7,"Lixisols"
-45.4,-3.6,167.77,32.55,230,90,5,27,1800,5.285714,5296.423,0,9,12,3,11,"Gleysols"
-45.4,-3.6,168.55,2,230,90,5,27,1800,5.285714,5296.423,0,9,12,3,11,"Gleysols"
-70.3,-3.7,286.68,13.7,191.9,431,15,25.86,2723,4.29,9146.456,2,97,12,3,5,"Alisols"
-70.3,-3.7,319.87,12.3,206.3,421.2,15,25.84,2723,4.5,9146.456,2,97,12,3,5,"Alisols"
-41.08,-3.85,262.17,14.21053,896.1039,56.94306,25,28,640,5.57,6298.014,2,714,12,3,12,"Arenosols"
-41.08,-3.85,133.93,2.67189,797,73,25,28,640,5.64,6298.014,2,714,12,3,12,"Arenosols"
-73.4,-3.9,110.3,6.8,527.9,206.7,15,26.28,2836,4.26,9801.014,1,122,12,1,5,"Histosols"
-79.06667,-3.96667,60,10.5,365,295.5172,5,15,2200,3.66,10494.4,41,2017,12,9,12,"Andosols"
-73.4,-4,34.02,9.1,936.8,25.5,15,26.2,2836,4.14,10346.55,2,93,12,1,5,"Alisols"
-73.4,-4,37.64,11.3,820,23.1,15,26.19,2836,4.07,10346.55,2,93,12,1,5,"Alisols"
-73.4,-4,140.91,17.1,775,97.9,15,26.25,2836,4.47,10346.55,2,93,12,1,5,"Alisols"
-73.4,-4,110.24,17.3,324.7778,344.1526,15,26.23,2836,4.46,10346.55,2,93,12,1,5,"Alisols"
-69.9,-4,25.65,24.3,747.5,6.4,15,25.51,2723,4.27,9584.309,1,112,12,1,5,"Acrisols"
-69.9,-4,104.14,41.6,489.0511,266.2734,15,25.59,2723,4,9584.309,1,112,12,1,5,"Acrisols"
-69.9,-4,31.44,15.1,580.5,202.5,15,25.49,2723,4.13,9584.309,1,112,12,1,5,"Acrisols"
-69.9,-4,105.37,21.9,318.4,338.8,15,25.49,2723,4.34,9584.309,1,112,12,1,5,"Acrisols"
-41.7,-4.0833,49,6.44,632.7586,204.4828,10,25,1558,4.85,5226.659,4,221,12,3,12,"Ferralsols"
-41.7,-4.0833,48,8.47,632.7586,204.4828,10,25,1558,4.79,5226.659,4,221,12,3,12,"Ferralsols"
-41.7,-4.0833,36,3.31,632.7586,204.4828,10,25,1558,4.97,5226.659,4,221,12,3,12,"Ferralsols"
37,-4.5,636,13.8,696.9072,185.567,15,20,550,6.9,7202.294,1,1217,12,3,10,"Acrisols"
37,-4.5,739,18.7,504.09,301.636,15,20,550,6.6,7202.294,1,1217,12,3,10,"Acrisols"
12.03083,-4.744722,600,7.9,900,60,10,25,1200,5.492857,11486.25,8,99,12,1,12,"Acrisols"
38.78333,-5.716667,145,10.65,585,241.8966,10.01,26.75208,1153,5.993103,10260.43,2,41,12,3,12,"Gleysols"
-76.1,-5.75,109.24,10.32,738,84.6,7.5,26.3,2100,3.74,18890.11,2,139,12,5,5,"Acrisols"
-76.1,-5.75,103.97,4.2,610,150,27.5,26.3,2100,3.9,18890.11,2,139,12,5,5,"Acrisols"
-76.1,-5.75,107.1,9.7,725,90,7.5,26.3,2100,3.73,18890.11,2,139,12,5,5,"Acrisols"
-76.08333,-5.76667,178.5,13,428.9655,220,8,26,2200,3.5,18890.11,0,137,12,5,5,"Acrisols"
-61.4,-6.1,173.59,26.2,635.8364,201.2799,15,26.68,1976,4.76,8943.419,2,63,12,1,5,"Acrisols"
-37.25,-6.56667,441.5,21.9,636.8966,210,5,29,500,5.9,3794.255,2,206,12,8,10,"Luvisols"
-37.25,-6.567,374,0.2,636.8966,210,5,29,500,6.5,3794.255,2,206,12,8,10,"Luvisols"
23.1,-6.6,105,4.85,663.2759,233.6207,10.01,23.66458,1582.25,5.45,8245.243,4,791,12,3,5,"Acrisols"
23.95,-6.8,466,14.4,589.1379,258.7931,10.01,24.27604,1429.75,5.68,7474.657,2,734,12,8,5,"Ferralsols"
13.26831,-7.232028,280,17.3,599.8276,150,3.5,25.19062,740.75,6,8355.334,4,213,12,8,10,"Acrisols"
13.26831,-7.232028,262,14.1,599.8276,290,12,25.19062,740.75,6,8355.334,4,213,12,8,10,"Acrisols"
-38.5,-7.5,3090,5.5,723,130,10,25,750,5.7,3996.456,4,440,12,8,10,"Lixisols"
-38.5,-7.5,1460,2.9,747,111,7.5,25,750,5.8,3996.456,4,440,12,8,10,"Lixisols"
-38.5,-7.5,2340,3.9,722,142,4,25,750,6.4,3996.456,4,440,12,8,10,"Lixisols"
-40.333,-7.583,123,12,600.6667,270,15,24,830,5.2,3328.697,1,818,12,1,10,"Ferralsols"
15.26375,-7.710917,954,59.9,616.2712,497,4,20.65972,1476.667,5.8,9412.641,1,1242,12,8,5,"Ferralsols"
15.26375,-7.710917,705,39.7,616.2712,504,15.5,20.65972,1476.667,5.7,9412.641,1,1242,12,8,5,"Ferralsols"
15.27717,-7.801361,982,42.7,542.069,564,7.5,20.75938,1463.25,5.4,9412.641,3,1280,12,8,5,"Ferralsols"
15.27717,-7.801361,913,27.1,542.069,557,24,20.75938,1463.25,5.4,9412.641,3,1280,12,8,5,"Ferralsols"
-40.17,-7.82,303.8,1,646,195,6,26,585,6,3328.697,3,483,12,1,10,"Ferralsols"
-40.17,-7.82,262.1,0.9,586,215,6,26,585,5.9,3328.697,3,483,12,1,10,"Ferralsols"
-40.17,-7.82,391.4,0.8,666,152,8,26,585,6,3328.697,3,483,12,1,10,"Ferralsols"
-40.17,-7.82,283.9,0.5,595,288,22.5,26,585,5.8,3328.697,3,483,12,1,10,"Ferralsols"
-40.17,-7.82,313.9,0.3,658,183,27.5,26,585,6,3328.697,3,483,12,1,10,"Ferralsols"
-40.17,-7.82,268.7,0.3,538,329,51.5,26,585,5.9,3328.697,3,483,12,1,10,"Ferralsols"
-40.17,-7.82,223.6,0.3,569,262,55,26,585,5.3,3328.697,3,483,12,1,10,"Ferralsols"
-40.17,-7.82,206.5,0.3,652,225,26,26,585,5.7,3328.697,3,483,12,1,10,"Ferralsols"
-40.17,-7.82,295.4,0.2,622,239,60.5,26,585,5.7,3328.697,3,483,12,1,10,"Ferralsols"
-40.17,-7.82,237.3,0.2,528,338,95.5,26,585,5.3,3328.697,3,483,12,1,10,"Ferralsols"
-40.17,-7.82,219.4,0.2,544,295,97.5,26,585,5.2,3328.697,3,483,12,1,10,"Ferralsols"
-40.17,-7.82,275,0.1,601,178,100,26,585,5.7,3328.697,3,483,12,1,10,"Ferralsols"
15.65353,-7.889528,199,15.1,789.6825,100,9.5,20.87361,1450.333,5,8770.882,3,1214,12,3,12,"Ferralsols"
15.65353,-7.889528,140,8.1,789.6825,110,38,20.87361,1450.333,5.1,8770.882,3,1214,12,3,12,"Ferralsols"
-39.58,-8.08,385.3,2.5,620,114,3.5,25.7,580,6.4,2962.872,3,394,12,8,10,"Lixisols"
-39.58,-8.08,332.3,1.6,560,130,4,25.7,580,6.4,2962.872,3,394,12,8,10,"Lixisols"
-39.58,-8.08,346.5,1.4,599,97,4,25.7,580,6.4,2962.872,3,394,12,8,10,"Lixisols"
-39.58,-8.08,255.2,0.8,564,193,15,25.7,580,6.5,2962.872,3,394,12,8,10,"Lixisols"
-39.58,-8.08,228.3,0.5,491,196,23.5,25.7,580,6.8,2962.872,3,394,12,8,10,"Lixisols"
-39.58,-8.08,220.8,0.5,519,227,22,25.7,580,6.8,2962.872,3,394,12,8,10,"Lixisols"
-39.58,-8.08,238.7,0.4,671,103,28.5,25.7,580,6.2,2962.872,3,394,12,8,10,"Lixisols"
-39.58,-8.08,240.8,0.3,640,137,45,25.7,580,6.4,2962.872,3,394,12,8,10,"Lixisols"
-39.58,-8.08,181.3,0.3,521,180,47,25.7,580,6.7,2962.872,3,394,12,8,10,"Lixisols"
-36.01667,-8.11667,406.9,58.3,620.6897,210,5,26,1400,5.8,6140.602,4,434,12,9,10,"Planosols"
-36.017,-8.117,418,0.4,620.5085,160,5,26,1400,6.6,6140.602,2,423,12,9,10,"Leptosols"
16.20364,-8.447806,160,7.6,648.3333,59,6,20.91458,1344.75,4.6,9663.6,3,1222,12,3,12,"Ferralsols"
16.20364,-8.447806,115,6.7,648.3333,64,41.5,20.91458,1344.75,5.4,9663.6,3,1222,12,3,12,"Ferralsols"
-72.8,-8.9,331.93,22.8,251.8,366.2,15,25.89,2192,5.92,16391.33,2,229,12,1,5,"Acrisols"
-72.3,-9,240.19,13.5,394.2,254,15,25.91,2259,5.56,16163.8,2,266,12,3,8,"Acrisols"
16.47986,-9.222083,178,16.3,740.1667,149,8,21.11806,1187.333,4.9,8979.771,4,1149,12,8,5,"Ferralsols"
16.47986,-9.222083,164,7.7,740.1667,154,28,21.11806,1187.333,4.8,8979.771,4,1149,12,8,5,"Ferralsols"
16.335,-9.293417,364,24.5,650.3333,391,6,21.33229,1143,6.1,8979.771,4,1122,12,8,5,"Ferralsols"
16.335,-9.293417,373,14,650.3333,433,18,21.33229,1143,5.6,8979.771,4,1122,12,8,5,"Ferralsols"
15.20797,-9.501778,404,35.7,515.8333,444,4,23.75625,975.5,6.4,7884.29,2,550,12,8,12,"Ferralsols"
15.20797,-9.501778,253,16.3,515.8333,592,20.5,23.75625,975.5,5.7,7884.29,2,550,12,8,12,"Ferralsols"
-55.9,-9.6,118.14,11.9,787.7,114.3,15,25.87,2268,4.65,7981.419,5,267,12,9,8,"Acrisols"
-67,-10,360,15.8,200,600,10,22,2000,4.3,8413.182,1,172,12,3,8,"Acrisols"
-67,-10,600,16.98276,381.0345,321.5517,10,26,2000,4.487931,8413.182,1,172,12,3,8,"Acrisols"
-55.53043,-10.15289,405.7,0.8,313,620,5,25.9,2628,5.03,7469.01,1,278,12,1,5,"Acrisols"
-48.167,-10.267,1997,0.8,537.5,280,5,24,1800,5.1,5125.587,11,598,12,9,5,"Ferralsols"
-62.5,-10.5,191.8,11.5,730,110,5,22.2,2270,4.92,9039.436,3,158,12,8,5,"Acrisols"
-62.5,-10.5,108.4,11.7,750,220,5,22.2,2270,4.78,9039.436,3,158,12,8,5,"Acrisols"
-62.5,-10.5,98.1,18,700,190,5,22.2,2270,6.1,9039.436,3,158,12,8,5,"Acrisols"
-62.5,-10.5,96.2,15.2,700,220,5,22.2,2270,6.06,9039.436,3,158,12,8,5,"Acrisols"
-62.5,-10.5,122.9,16,650,230,5,22.2,2270,5.67,9039.436,3,158,12,8,5,"Acrisols"
-62.5,-10.5,110.7,18.4,680,250,5,22.2,2270,5.74,9039.436,3,158,12,8,5,"Acrisols"
-68.3,-10.6,178.81,9.4,193.5806,183.7816,15,26.07,1875,4.23,10368.76,1,164,12,3,8,"Acrisols"
-68.3,-10.6,341.65,1.44,160.9,250,15,26.02,1875,5.07,10368.76,1,164,12,3,8,"Acrisols"
-68.8,-10.8,155.84,7.5,616.7383,167.2833,15,25.45,1905,4.45,11832.05,2,251,12,3,8,"Acrisols"
-68.8,-10.8,136.44,5,613.1,162.5,15,25.48,1905,4.57,11832.05,2,251,12,3,8,"Acrisols"
14.364,-10.8435,1100,32.2,521.8033,471,8.5,20.93437,886.25,6.2,9947.76,14,1004,12,8,10,"Ferralsols"
14.364,-10.8435,802,22.2,521.8033,423,26,20.93437,886.25,6.1,9947.76,14,1004,12,8,10,"Ferralsols"
-55.3,-11.4,61.25,10.7,857.5,98,15,25.84,2180,4.19,7838.235,3,340,12,3,5,"Ferralsols"
27.51007,-11.56264,911.98,20.3,190,510,10.01,20.18646,1126,5.73,7525.035,1,1296,12,8,5,"Ferralsols"
27.49895,-11.56365,434,13.8,574.8333,286,10.01,20,1270,5.21,7232.661,1,1293,12,8,5,"Ferralsols"
14.86553,-11.89628,439,22.1,567.7049,267,5,17.63889,1539,5.4,8081.967,29,2002,12,8,8,"Ferralsols"
14.86553,-11.89628,284,13.7,567.7049,255,15,17.63889,1539,5.2,8081.967,29,2002,12,8,8,"Ferralsols"
16.15292,-12.17864,251,14.8,715.4839,233,7,19.49271,1376.25,6.1,7908.329,2,1656,12,1,5,"Ferralsols"
16.15292,-12.17864,189,9.2,715.4839,259,23.5,19.49271,1376.25,5.6,7908.329,2,1656,12,1,5,"Ferralsols"
15.16603,-12.33175,312,17.4,614.5763,350,9,18.8375,1440,4.6,7530.19,7,1663,12,1,5,"Ferralsols"
15.16603,-12.33175,221,4,614.5763,384,52,18.8375,1440,5.6,7530.19,7,1663,12,1,5,"Ferralsols"
-69,-12.5,727.02,18.4,52.60526,424.6425,15,25.5,2190,6.07,19821.88,1,183,12,1,8,"Gleysols"
-51.8396,-12.7513,117.3,9,780,160,15,25.5,1610,4.2,7018.388,2,371,12,3,8,"Ferralsols"
-51.6981,-12.7513,43.9,3.9,910,50,15,25.8,1600,4.6,7018.388,2,293,12,3,8,"Ferralsols"
-51.6981,-12.7513,36.1,3.5,930,40,15,25.8,1600,4.8,7018.388,2,293,12,3,8,"Ferralsols"
-51.6981,-12.7513,30.7,4.4,910,60,15,25.8,1600,4.9,7018.388,2,293,12,3,8,"Ferralsols"
-69.3,-12.8,178.22,14.2,470.1,287.9,15,25.51,2463,4.22,19821.88,2,187,12,1,8,"Alisols"
-69.3,-12.8,256.29,15.1,397.6,435.3,15,25.53,2463,3.91,19821.88,2,187,12,1,8,"Alisols"
-69.3,-12.8,337.13,8.2,179.3,291.9,15,25.61,2463,4.41,19821.88,2,187,12,1,8,"Alisols"
-69.3,-12.8,342.15,10.1,170.3,392.4,15,25.61,2463,4.05,19821.88,2,187,12,1,8,"Alisols"
-69.3,-12.8,528.8,12,24.3,456.6,15,25.63,2463,5.06,19821.88,2,187,12,1,8,"Alisols"
-69.3,-12.8,418.49,9.8,201.2201,400.9401,15,25.58,2463,4.32,19821.88,2,187,12,1,8,"Alisols"
-69.271,-12.83,180,21.08333,427.3333,226.8333,5,26.4,2550,3.8,19821.88,2,197,12,1,8,"Acrisols"
-69.2967,-12.8387,1100,31,394.5,249.3333,10.01,26.4,2730,3.9,19821.88,0,189,12,1,8,"Acrisols"
-69.296,-12.839,490,23.8,393.2759,249.1379,5,26.4,2315,4.6,19821.88,0,189,12,1,8,"Acrisols"
-71.401,-12.866,730,39.6875,420.7812,336.4062,5,20.7,3087,3.8,21681.91,33,989,12,5,11,"Cambisols"
-71.5327,-12.9475,600,35.63492,415.5556,323.4921,10.01,20.7,3087,3.8,18550.68,12,852,12,3,11,"Acrisols"
27.5,-13,333,9.6,701,200,10.01,19.75312,1173.75,4.7,6387.42,2,1233,12,8,5,"Ferralsols"
-71.543,-13.047,1440,60.66667,389.8333,309.3333,5,15.8,3967,3.9,7295.724,23,1709,12,3,12,"Andosols"
-71.537,-13.049,1360,53.05085,379.1525,323.0508,5,17.4,3967,4,7295.724,34,1476,12,3,12,"Andosols"
-71.537,-13.0492,800,53.03279,379.3443,322.7869,10.01,18.8,5302,4,7295.724,34,1476,12,3,12,"Andosols"
-71.555,-13.071,760,48.65079,378.7302,332.381,5,16,2472,3.9,7295.724,38,1798,12,3,12,"Andosols"
-71.559,-13.074,710,49.57627,379.322,332.5424,5,14.9,1827,4,7295.724,53,1930,12,3,12,"Andosols"
-71.574,-13.094,980,60.8871,410.4839,291.4516,5,12.1,965.25,3.9,7295.724,67,2490,12,3,12,"Andosols"
-71.589,-13.107,870,86.98276,402.2414,247.5862,5,11.1,2498,3.9,7295.724,31,2675,12,3,12,"Andosols"
-71.6,-13.109,920,95.33333,413.1667,233.3333,5,9.5,2227,3.8,7295.724,30,2865,12,3,12,"Andosols"
-71.604,-13.111,910,91.98276,421.7241,228.4483,5,8.9,433,4.1,7295.724,39,3159,12,3,12,"Andosols"
-71.607,-13.114,1090,96.69355,433.3871,228.7097,5,7.7,2555,4,7295.724,43,3374,12,3,12,"Andosols"
-71.587,-13.19,1090,92.70492,436.7213,228.0328,5,11.1,1633,4.1,7295.724,41,3035,12,3,12,"Andosols"
-71.587,-13.1903,700,93.27586,435.5172,229.1379,10.01,12.5,1706,4.1,7295.724,41,3035,12,3,12,"Andosols"
29.06542,-13.75714,237.42,10.41667,689.35,93.55,10,20.8,1220,5.533333,7208.246,4,1176,12,8,5,"Lixisols"
-61.1,-14.4,120.72,12.1,580.8419,364.1636,15,26.18,1400,4.7,9491.115,0,179,12,9,11,"Ferralsols"
-61.1,-14.4,525.44,61.4,290.5,358,15,26.11,1400,4.9,9491.115,0,179,12,9,11,"Ferralsols"
-61.1,-14.4,433.08,60.5,290.5,358,15,26.12,1400,4.74,9491.115,0,179,12,9,11,"Ferralsols"
-61.5,-14.5,639.09,63.4,843.5,68,15,24.94,1333,6.17,9844.999,1,212,12,9,8,"Ferralsols"
-61.5,-14.5,697.75,30.8,625.4,180.5,15,25.02,1333,5.67,9844.999,1,212,12,9,8,"Ferralsols"
-60.9,-14.6,102.78,10.8,737.7,202.5,15,25.98,1348,4.63,9217.626,0,190,12,9,5,"Ferralsols"
-60.8,-14.6,103.86,14.2,731,210.4,15,25.95,1348,4.39,9217.626,2,232,12,9,5,"Lixisols"
-60.7,-14.6,407.75,48.7,658,212.2,15,23.42,1348,5.83,9217.626,5,752,12,9,5,"Ferralsols"
-60.7,-14.6,544.63,70.6,216.0784,398.6601,15,23.5,1348,5.74,9217.626,5,752,12,9,5,"Ferralsols"
-52.3113,-14.6032,121.3,12.8,750,180,15,25,1500,4.5,7648.571,0,294,12,1,8,"Ferralsols"
-52.3113,-14.6032,127,6.1,850,110,15,25,1500,4.6,7648.571,0,294,12,1,8,"Ferralsols"
-60.8962,-14.6561,107.7,10.9,740,200,15,23.9,1460,4.6,9217.626,0,187,12,9,5,"Plinthosols"
-60.8962,-14.6561,184,13.7,500,320,15,24.1,1440,4.9,9217.626,0,187,12,9,5,"Plinthosols"
-52.2642,-14.7619,142.1,25.5,460,490,15,25.1,1650,4.1,7648.571,0,292,12,1,8,"Ferralsols"
-52.0755,-14.7619,316.1,15.9,470,450,15,25.3,1510,4.2,7648.571,0,279,12,1,8,"Ferralsols"
-52.0755,-14.7619,158.4,10.6,660,240,15,25.2,1510,4.7,7648.571,0,279,12,1,8,"Ferralsols"
17.67475,-14.78181,300,16.9,625.1667,416,5.5,20.25937,948.25,6.2,7730.473,3,1337,12,1,12,"Lixisols"
17.67475,-14.78181,205,8,625.1667,617,25.5,20.25937,948.25,6.3,7730.473,3,1337,12,1,12,"Lixisols"
39.22717,-14.78374,700.2,25.6,676.5,457,5,24.37083,1079,4.5,6263.761,2,399,12,8,10,"Lixisols"
-61.3208,-15.1852,506.9,18.5,490,310,15,24.1,1270,6.3,9785.105,2,302,12,9,10,"Ferralsols"
39.06096,-15.28901,664.3,21.6,754.9206,116,5,24.50417,1106,4.2,6266.923,4,335,12,9,10,"Lixisols"
39.06096,-15.28901,690.1,20.9,754.9206,426,5,24.50417,1106,4.3,6266.923,4,335,12,9,10,"Lixisols"
39.06096,-15.28901,693.3,10.2,754.9206,91.4,5,24.50417,1106,4.1,6266.923,4,335,12,9,10,"Lixisols"
-47.883,-15.933,271,11.1,358.7097,410,75,20.8,1470,5.23,7603.2,5,1091,12,8,5,"Ferralsols"
-47.883,-15.933,296,16.9,358.7097,410,35,20.8,1470,5.01,7603.2,5,1091,12,8,5,"Ferralsols"
-47.883,-15.933,321,24.5,358.7097,410,15,20.8,1470,4.61,7603.2,5,1091,12,8,5,"Ferralsols"
-47.883,-15.933,357,31.8,358.7097,410,5,20.8,1470,4.33,7603.2,5,1091,12,8,5,"Ferralsols"
-47.883,-15.933,258,8.4,358.7097,410,100,20.8,1470,5.44,7603.2,5,1091,12,8,5,"Ferralsols"
-56.25,-16.35,312,0.4,606.6102,160,5,24,1400,5.6,7278.325,0,127,12,1,8,"Plinthosols"
-61.2264,-16.4021,223.7,10.8,750,100,15,24.6,1150,5.9,7841.643,0,446,12,9,8,"Ferralsols"
-61.2264,-16.4021,130.2,15.8,650,170,15,24.6,1150,5.2,7841.643,0,446,12,9,8,"Ferralsols"
-61.2264,-16.4021,100.2,5.5,710,190,15,24.6,1150,5.1,7841.643,0,446,12,9,8,"Ferralsols"
-71.4,-16.7,575.2,24,297.1087,111.665,2.5,18,58,4.6,2405.395,8,2654,9,5,12,"Calcisols"
-71.4,-16.7,962.8,65,265,127,2.5,18,58,4.7,2405.395,8,2654,9,5,12,"Calcisols"
-71.4,-16.7,795,14.5,333.6663,74.92507,2.5,18,58,5,2405.395,8,2654,9,5,12,"Calcisols"
-71.8,-17,624.8,6.8,549,61,2.5,18,11,4.5,5001.576,8,918,9,15,12,"Leptosols"
-71.8,-17,448.1,3.4,869.1309,20.97902,2.5,18,11,4.9,5001.576,8,918,9,15,12,"Leptosols"
31.75,-17.58333,50,10.4,741.1,126.9,10,18.83646,859.75,5.63,5756.528,2,1267,12,8,10,"Lixisols"
31.75,-17.58333,40,6.6,683.6,176.9,35,18.83646,859.75,5.64,5756.528,2,1267,12,8,10,"Lixisols"
31.75,-17.58333,30,4.7,870.6,34.9,10,18.83646,859.75,5.46,5756.528,2,1267,12,8,10,"Lixisols"
31.75,-17.58333,20,3,843.3,54.8,35,18.83646,859.75,5.34,5756.528,2,1267,12,8,10,"Lixisols"
31.01333,-17.70667,1531.526,16.22642,587.4194,239.3548,2.5,17.66944,852,5.854839,5962.868,1,1503,12,8,10,"Lixisols"
31.01333,-17.70667,437.416,15.4717,587.4194,239.3548,15,17.66944,852,5.854839,5962.868,1,1503,12,8,10,"Lixisols"
31.01333,-17.70667,1144.473,17.92453,587.4194,239.3548,8,17.66944,852,5.854839,5962.868,1,1503,12,8,10,"Lixisols"
-51.64194,-17.93778,453.6,15.6,619,311,5,24,1600,5.5,7589.146,6,823,12,3,5,"Ferralsols"
-51.64194,-17.93778,437.1,12.9,605,325,15,24,1600,5.5,7589.146,6,823,12,3,5,"Ferralsols"
-51.64194,-17.93778,481,11.2,591,347,25,24,1600,5.5,7589.146,6,823,12,3,5,"Ferralsols"
-51.64194,-17.93778,204.5,8.4,824,150,15,24,1600,5.5,7589.146,6,823,12,3,5,"Ferralsols"
-51.64194,-17.93778,185.2,9.5,830,148,5,24,1600,5.5,7589.146,6,823,12,3,5,"Ferralsols"
-51.64194,-17.93778,205.1,6.4,806,159,25,24,1600,5.5,7589.146,6,823,12,3,5,"Ferralsols"
31.48333,-18.17056,529.5572,14.5283,679.3548,206.4516,8,16.92188,875.25,5.753226,5504.615,2,1636,12,8,10,"Acrisols"
31.48333,-18.17056,53.66404,9.150943,679.3548,206.4516,15,16.92188,875.25,5.753226,5504.615,2,1636,12,8,10,"Acrisols"
31.48333,-18.17056,94.24222,9.339623,679.3548,206.4516,2.5,16.92188,875.25,5.753226,5504.615,2,1636,12,8,10,"Acrisols"
-60.8019,-18.4127,535.5,10.8,480,180,15,24.8,820,6.1,6420.775,1,293,12,5,10,"Ferralsols"
-60.8019,-18.4127,109.1,6.2,780,40,15,24.7,890,6.4,6420.775,1,293,12,5,10,"Ferralsols"
-48.2,-18.7,388,24.8,402.5,450,7.5,22.3,1442,4.71,8702.919,6,915,12,8,5,"Ferralsols"
-48.3,-18.9,403,13.83333,393.5,383.3333,15,20,1550,6.286667,8702.919,3,851,12,8,5,"Ferralsols"
-48.3,-18.9,361,13.83333,393.5,383.3333,15,20,1550,6.286667,8702.919,3,851,12,8,5,"Ferralsols"
-48.3,-18.9,193.1818,13.83333,393.5,383.3333,30,22,1550,6.286667,8702.919,3,851,12,8,5,"Ferralsols"
-48.1,-19.1,141,10.2,770,136,6,22,1650,4.8,8844.344,4,914,12,3,5,"Ferralsols"
-48.1,-19.1,108,9.3,733,156,6,22,1650,5.4,8844.344,4,914,12,3,5,"Ferralsols"
-48.1,-19.1,371,23.5,170,695,6,22,1650,4.7,8844.344,4,914,12,3,5,"Ferralsols"
-48.1,-19.1,116,9.8,764,151,6,22,1650,5,8844.344,4,914,12,3,5,"Ferralsols"
47.18519,-19.10964,1200,26,565.082,320,10.01,17.98125,1345,5.6,8385.44,3,1491,12,2,5,"Ferralsols"
-48.167,-19.167,419,13.46774,467.5806,344.0323,12,22,1650,4.5,8844.344,3,884,12,3,5,"Ferralsols"
-48.167,-19.167,141,13.46774,467.5806,344.0323,12,22,1650,4.8,8844.344,3,884,12,3,5,"Ferralsols"
47.35887,-19.21958,540,14,346,310,10.01,17.84271,1408,5.6,8385.44,10,1531,12,2,5,"Ferralsols"
-44.33333,-19.33333,317.02,16.14849,462.1667,400,10.01,20.70833,1316,4.9,9116.775,3,795,12,5,10,"Ferralsols"
-44.33333,-19.33333,336.06,20.43503,462.1667,400,10.01,20.70833,1316,4.15,9116.775,3,795,12,5,10,"Ferralsols"
-44.33333,-19.33333,227.57,12.27958,462.1667,400,10.01,20.70833,1316,4.95,9116.775,3,795,12,5,10,"Ferralsols"
23.11541,-19.74336,33.74,5,902.1538,59.53846,15,23.73333,417.5,6.45,3397.756,0,945,9,1,12,"Arenosols"
-42.5,-20.5,1284,23.4,519,316,5,18,1500,6.1,9926.08,9,829,12,8,11,"Ferralsols"
-50.78444,-21.24667,504.2,21.8,733,186,5,23.4,1240,5.3,8825.568,2,415,12,3,10,"Ferralsols"
-50.78444,-21.24667,519.6,16,743,174,15,23.4,1240,5.3,8825.568,2,415,12,3,10,"Ferralsols"
-50.78444,-21.24667,627,13.1,754,174,25,23.4,1240,5.3,8825.568,2,415,12,3,10,"Ferralsols"
-41.25,-21.25,1746.6,22.3,250,370,10,24.5,1080,6.7,10657.27,5,16,12,1,10,"Ferralsols"
-41.25,-21.25,1552,21,220,380,30,24.5,1080,6.8,10657.27,5,16,12,1,10,"Ferralsols"
-42.083,-21.617,785,12.14286,456.3492,351.5873,10,20,1444,4.4,10842.91,7,138,12,8,5,"Ferralsols"
-41.87,-22.09,265.2911,12.93651,510.6349,332.8571,10,26,1400,4.9,11944.56,22,147,12,8,5,"Ferralsols"
-41.87,-22.09,264.7739,12.93651,510.6349,332.8571,10,26,1400,5.1,11944.56,22,147,12,8,5,"Ferralsols"
-48.98361,-22.47389,204.3,12.2,503.125,167,10,21.6,1170,4.6,10540.1,3,601,12,2,5,"Acrisols"
-48.445,-22.88583,289.8,8.7,374.4444,100,10,20.2,1302,4.7,11053.09,4,830,12,3,12,"Ferralsols"
30.44,-22.968,10.1,23.9,240,600,10,18,500,6.06,4319.623,13,656,12,3,7,"Acrisols"
-49.63111,-23.08556,1091.8,36.7,196,647,5,21.7,1470,5.7,11987.82,9,642,12,2,5,"Nitisols"
-49.63111,-23.08556,1019.3,30.3,186,670,25,21.7,1470,5.7,11987.82,9,642,12,2,5,"Nitisols"
-49.63111,-23.08556,1010.8,33.7,193,663,15,21.7,1470,5.7,11987.82,9,642,12,2,5,"Nitisols"
-48.61583,-23.10167,262.9,11,309.5455,193,5,19.9,1308,3.3,11893.33,3,835,12,3,12,"Leptosols"
-47.4725,-23.25333,377.06,0.4,264,561,5,20.2,1262,5.43,11381.45,3,558,12,9,8,"Ferralsols"
-48.41278,-23.49028,282.3,10.4,503.3333,100,10,20.6,1262,4.7,11874.34,2,619,12,3,5,"Ferralsols"
31.25,-25.125,99.1,9.3,790,140,5,21,750,6.1,7897.147,4,539,12,9,10,"Nitisols"
30.98333,-25.45,29.63,4.7,840,120,10,20,767,5.85,9317.775,11,605,5,6,5,"Lixisols"
-54.45,-25.95,555,27.8,120,650,10,20.4,1700,5.8,13923.1,4,253,5,1,5,"Nitisols"
-54.45,-25.95,586,53.3,120,650,2.5,20.4,1700,5.6,13923.1,4,253,5,1,5,"Nitisols"
-65.35,-26.7,1000,57,438.2353,282.0588,5,15.6,889,5.270588,11727.2,9,1673,5,1,12,"Acrisols"
-65.35,-26.7,1100,70.8,438.2353,282.0588,5,15.6,889,5.270588,11727.2,9,1673,5,1,12,"Acrisols"
-50.05718,-27.49998,718,33,178,464,5,15.9,1400,4,14635.26,3,873,5,3,5,"Nitisols"
-50.05718,-27.49998,654.6,31,228,413,15,15.9,1400,4.1,14635.26,3,873,5,3,5,"Nitisols"
-50.05718,-27.49998,625.4,29,236,509,30,15.9,1400,4.1,14635.26,3,873,5,3,5,"Nitisols"
-50.05718,-27.49998,732.7,15,197,449,50,15.9,1400,4.2,14635.26,3,873,5,3,5,"Nitisols"
-50.05718,-27.49998,714.9,8,180,556,70,15.9,1400,4.3,14635.26,3,873,5,3,5,"Nitisols"
-50.08827,-27.50094,830.7,36,182,482,5,15.9,1400,4.3,14635.26,3,844,5,3,5,"Nitisols"
-50.08827,-27.50094,791.1,31,120,602,30,15.9,1400,4.4,14635.26,3,844,5,3,5,"Nitisols"
-50.08827,-27.50094,752.8,31,120,602,30,15.9,1400,4.5,14635.26,3,844,5,3,5,"Nitisols"
-50.08827,-27.50094,849.8,30,147,438,15,15.9,1400,4.4,14635.26,3,844,5,3,5,"Nitisols"
-50.08827,-27.50094,759.9,23,145,596,70,15.9,1400,4.4,14635.26,3,844,5,3,5,"Nitisols"
-50.07813,-28.19836,1196,47,80,626,5,13,1600,4.7,12032.5,8,1155,5,2,5,"Nitisols"
-50.07813,-28.19836,1051,55,150,556,5,13,1600,5,12032.5,8,1155,5,2,5,"Nitisols"
-50.07813,-28.19836,1367,43,107,513,5,13,1600,5.2,12032.5,8,1155,5,2,5,"Nitisols"
-49.083,-28.217,438.29,55.4,630,190,5,18.7,1471,4,16571.65,4,431,5,9,5,"Acrisols"
-49.083,-28.217,398.48,30,570,240,15,18.7,1471,3.8,16571.65,4,431,5,9,5,"Acrisols"
-49.083,-28.217,455.45,21.4,545,265,30,18.7,1471,4.1,16571.65,4,431,5,9,5,"Acrisols"
29.40811,-28.28061,3.04556,12.31343,487.0149,260,5,14.18646,776.25,6.289552,7551.074,5,1671,5,3,10,"Acrisols"
29.42519,-28.40556,4.46,19.55882,406.7647,319.4118,5,16.30521,846,5.816176,7551.074,10,1310,5,3,10,"Acrisols"
29.54706,-28.44189,5.06,14.1791,420.8955,291.0448,5,17.38333,806,6.664179,8264.917,7,1178,5,3,5,"Acrisols"
32.26,-28.57,40.7,4.7,900,50,15,21.7,1223,5.4,15848.7,1,53,12,15,12,"Arenosols"
32.26,-28.57,33.1,3.1,900,50,45,21.7,1223,5.4,15848.7,1,53,12,15,12,"Arenosols"
32.26,-28.57,49.7,7.2,900,50,5,21.7,1223,5.4,15848.7,1,53,12,15,12,"Arenosols"
32.26,-28.57,30.3,4.3,900,50,25,21.7,1223,5.4,15848.7,1,53,12,15,12,"Arenosols"
32.26,-28.57,40.3,1.5,900,50,70,21.7,1223,5.4,15848.7,1,53,12,15,12,"Arenosols"
32.06,-28.65,66.9,6.2,900,50,5,21.7,1084,5.4,15848.7,3,41,12,15,12,"Ferralsols"
32.06,-28.65,42.8,2.4,900,50,25,21.7,1084,5.4,15848.7,3,41,12,15,12,"Ferralsols"
32.06,-28.65,50.6,2.1,900,50,15,21.7,1084,5.4,15848.7,3,41,12,15,12,"Ferralsols"
32.06,-28.65,40.1,0.6,900,50,60,21.7,1084,5.4,15848.7,3,41,12,15,12,"Ferralsols"
32.06,-28.65,40.2,0.4,900,50,100,21.7,1084,5.4,15848.7,3,41,12,15,12,"Ferralsols"
32.06,-28.65,24.4,0.4,900,50,100,21.7,1084,5.4,15848.7,3,41,12,15,12,"Ferralsols"
30.07,-29.37,920.3,101.7,200,600,5,14.8,988,5.9,11744.31,16,1395,5,2,10,"Acrisols"
30.07,-29.37,639.4,58.1,200,600,25,14.8,988,5.9,11744.31,16,1395,5,2,10,"Acrisols"
30.07,-29.37,315.9,29.3,200,600,40,14.8,988,5.9,11744.31,16,1395,5,2,10,"Acrisols"
30.07,-29.37,840.9,90.2,200,600,15,14.8,988,5.9,11744.31,16,1395,5,2,10,"Acrisols"
30.07,-29.37,265.2,14.4,200,600,55,14.8,988,5.9,11744.31,16,1395,5,2,10,"Acrisols"
30.77,-29.37,180.2,21.1,200,600,45,17,760,5.9,13011.3,10,938,12,3,10,"Acrisols"
30.77,-29.37,164.4,26.8,200,600,35,17,760,5.9,13011.3,10,938,12,3,10,"Acrisols"
30.77,-29.37,283.6,52.6,200,600,5,17,760,5.9,13011.3,10,938,12,3,10,"Acrisols"
30.77,-29.37,223.5,33.5,200,600,15,17,760,5.9,13011.3,10,938,12,3,10,"Acrisols"
30.77,-29.37,179.4,30.6,200,600,25,17,760,5.9,13011.3,10,938,12,3,10,"Acrisols"
30.2,-29.41,492.7,99.4,200,600,5,16,896,5.9,11744.31,4,1263,5,2,10,"Acrisols"
30.2,-29.41,248.1,48,200,600,25,16,896,5.9,11744.31,4,1263,5,2,10,"Acrisols"
30.2,-29.41,191,21.5,200,600,45,16,896,5.9,11744.31,4,1263,5,2,10,"Acrisols"
30.2,-29.41,330.5,54.6,200,600,15,16,896,5.9,11744.31,4,1263,5,2,10,"Acrisols"
30.2,-29.41,196.6,29.9,200,600,35,16,896,5.9,11744.31,4,1263,5,2,10,"Acrisols"
30.11667,-29.61667,920.3,33.01471,447.0588,292.3529,5,14.8,988,5.566176,12547.08,12,1335,12,3,5,"Acrisols"
30.11667,-29.61667,837.8,33.01471,447.0588,292.3529,15,14.8,988,5.566176,12547.08,12,1335,12,3,5,"Acrisols"
30.11667,-29.61667,639.4,33.01471,447.0588,292.3529,25,14.8,988,5.566176,12547.08,12,1335,12,3,5,"Acrisols"
30.11667,-29.61667,314.5,33.01471,447.0588,292.3529,45,14.8,988,5.566176,12547.08,12,1335,12,3,5,"Acrisols"
30.11667,-29.61667,265.2,33.01471,447.0588,292.3529,55,14.8,988,5.566176,12547.08,12,1335,12,3,5,"Acrisols"
30.08,-29.66,472.4,54.5,200,600,5,15.7,942,5.9,12547.08,3,1410,12,3,5,"Acrisols"
30.08,-29.66,270.9,36.5,200,600,25,15.7,942,5.9,12547.08,3,1410,12,3,5,"Acrisols"
30.08,-29.66,360.5,39,200,600,15,15.7,942,5.9,12547.08,3,1410,12,3,5,"Acrisols"
30.08,-29.66,322.9,32,200,600,35,15.7,942,5.9,12547.08,3,1410,12,3,5,"Acrisols"
30.08,-29.66,299.2,25.3,200,600,45,15.7,942,5.9,12547.08,3,1410,12,3,5,"Acrisols"
30.4,-29.67,450,42,398.7143,366.5714,7.5,17.73542,825.75,5.89,12547.08,6,838,12,3,5,"Acrisols"
30.4,-29.67,390,37.5,398.7143,366.5714,22.5,17.73542,825.75,5.83,12547.08,6,838,12,3,5,"Acrisols"
30.33333,-29.68333,487.9,11.69118,448.2353,295.5882,5,16,896,7.057353,12547.08,8,763,12,3,5,"Acrisols"
30.33333,-29.68333,329.7,11.69118,448.2353,295.5882,15,16,896,7.057353,12547.08,8,763,12,3,5,"Acrisols"
30.33333,-29.68333,246.7,11.69118,448.2353,295.5882,25,16,896,7.057353,12547.08,8,763,12,3,5,"Acrisols"
30.33333,-29.68333,191.7,11.69118,448.2353,295.5882,35,16,896,7.057353,12547.08,8,763,12,3,5,"Acrisols"
30.33333,-29.68333,186.8,11.69118,448.2353,295.5882,45,16,896,7.057353,12547.08,8,763,12,3,5,"Acrisols"
-53.7,-29.7,246.58,12.8,382,269,10,19.35,1625,5.22,11076.85,1,75,5,3,8,"Acrisols"
-71.1664,-29.7574,539.85,0.4,651.6418,210,2.5,16.1,87,7.6,2018.112,18,668,9,13,13,"Arenosols"
-71.1656,-29.7612,555.12,0.2,656.875,220,2.5,16.1,87,7.6,2018.112,14,654,9,13,13,"Arenosols"
30.72,-29.81,370,49.1,441.4706,323.0882,7.5,18.485,946.2,5.2,11364.58,10,655,12,9,5,"Ferralsols"
-51.65222,-30.08944,274.56,0.4,150,630,5,19.3,1398,5.2,13810.75,2,24,5,3,10,"Acrisols"
30.13333,-30.1,472.4,23.89706,403.2353,347.7941,5,15.7,942,5.883824,12892.65,5,896,12,3,10,"Acrisols"
30.13333,-30.1,356.7,23.89706,403.2353,347.7941,15,15.7,942,5.883824,12892.65,5,896,12,3,10,"Acrisols"
30.13333,-30.1,322.9,23.89706,403.2353,347.7941,35,15.7,942,5.883824,12892.65,5,896,12,3,10,"Acrisols"
30.13333,-30.1,299.2,23.89706,403.2353,347.7941,45,15.7,942,5.883824,12892.65,5,896,12,3,10,"Acrisols"
30.13333,-30.1,267,23.89706,403.2353,347.7941,25,15.7,942,5.883824,12892.65,5,896,12,3,10,"Acrisols"
28.53667,-30.84833,170,15.4,747,125,7.5,14.51667,766.8,4.6,8496.179,8,1536,5,3,10,"Acrisols"
19.10519,-31.38367,9.79,5.53,649.2537,191.791,10,16.65083,275.6,4.14,2518.567,2,726,7,3,9,"Cambisols"
-71.0635,-32.9559,615.53,1.4,550.7042,190,2.5,14.9,436,6.6,6285.145,10,723,7,2,12,"Leptosols"
-71.0643,-32.9573,522.83,1.4,546.3235,200,2.5,14.9,436,6.7,6285.145,9,727,7,2,12,"Leptosols"
23.45856,-33.56569,21.37931,17.05882,570.5882,217.9412,5,13.84167,472.75,7.336765,7114.581,13,1158,5,3,10,"Luvisols"
23.45856,-33.56569,20.96552,17.05882,570.5882,217.9412,5,13.84167,472.75,7.336765,7114.581,13,1158,5,3,10,"Luvisols"
23.45856,-33.56569,18.17067,17.05882,570.5882,217.9412,15,13.84167,472.75,7.336765,7114.581,13,1158,5,3,10,"Luvisols"
23.45856,-33.56569,17.33168,17.05882,570.5882,217.9412,15,13.84167,472.75,7.336765,7114.581,13,1158,5,3,10,"Luvisols"
23.45856,-33.56569,11.05735,17.05882,570.5882,217.9412,45,13.84167,472.75,7.336765,7114.581,13,1158,5,3,10,"Luvisols"
23.45856,-33.56569,8.458781,17.05882,570.5882,217.9412,45,13.84167,472.75,7.336765,7114.581,13,1158,5,3,10,"Luvisols"
23.45856,-33.56569,29.37931,17.05882,570.5882,217.9412,5,13.84167,472.75,7.336765,7114.581,13,1158,5,3,10,"Luvisols"
23.45856,-33.56569,24.9577,17.05882,570.5882,217.9412,15,13.84167,472.75,7.336765,7114.581,13,1158,5,3,10,"Luvisols"
23.45856,-33.56569,3.276583,17.05882,570.5882,217.9412,45,13.84167,472.75,7.336765,7114.581,13,1158,5,3,10,"Luvisols"
22.56076,-33.93944,35.86207,36.18056,592.5,176.8056,5,16.48167,603.6,5.729167,7136.74,8,298,12,3,10,"Lixisols"
22.56076,-33.93944,28.55172,36.18056,592.5,176.8056,5,16.48167,603.6,5.729167,7136.74,8,298,12,3,10,"Lixisols"
22.56076,-33.93944,24.22342,36.18056,592.5,176.8056,45,16.48167,603.6,5.729167,7136.74,8,298,12,3,10,"Lixisols"
22.56076,-33.93944,23.94657,36.18056,592.5,176.8056,15,16.48167,603.6,5.729167,7136.74,8,298,12,3,10,"Lixisols"
22.56076,-33.93944,19.83082,36.18056,592.5,176.8056,15,16.48167,603.6,5.729167,7136.74,8,298,12,3,10,"Lixisols"
22.56076,-33.93944,19.59379,36.18056,592.5,176.8056,45,16.48167,603.6,5.729167,7136.74,8,298,12,3,10,"Lixisols"
22.56076,-33.93944,13.7931,36.18056,592.5,176.8056,5,16.48167,603.6,5.729167,7136.74,8,298,12,3,10,"Lixisols"
22.56076,-33.93944,11.75563,36.18056,592.5,176.8056,15,16.48167,603.6,5.729167,7136.74,8,298,12,3,10,"Lixisols"
22.56076,-33.93944,9.041219,36.18056,592.5,176.8056,45,16.48167,603.6,5.729167,7136.74,8,298,12,3,10,"Lixisols"
22.56273,-33.94333,29.7931,37.05479,580.274,180.5479,5,16.56917,604.6,5.70411,7136.74,6,244,12,3,10,"Lixisols"
22.56273,-33.94333,29.65517,37.05479,580.274,180.5479,5,16.56917,604.6,5.70411,7136.74,6,244,12,3,10,"Lixisols"
22.56273,-33.94333,29.24138,37.05479,580.274,180.5479,5,16.56917,604.6,5.70411,7136.74,6,244,12,3,10,"Lixisols"
22.56273,-33.94333,19.59931,37.05479,580.274,180.5479,15,16.56917,604.6,5.70411,7136.74,6,244,12,3,10,"Lixisols"
22.56273,-33.94333,18.80386,37.05479,580.274,180.5479,15,16.56917,604.6,5.70411,7136.74,6,244,12,3,10,"Lixisols"
22.56273,-33.94333,15.55676,37.05479,580.274,180.5479,15,16.56917,604.6,5.70411,7136.74,6,244,12,3,10,"Lixisols"
22.56273,-33.94333,13.6651,37.05479,580.274,180.5479,15,16.56917,604.6,5.70411,7136.74,6,244,12,3,10,"Lixisols"
22.56273,-33.94333,12.93907,37.05479,580.274,180.5479,45,16.56917,604.6,5.70411,7136.74,6,244,12,3,10,"Lixisols"
22.56273,-33.94333,12.9092,37.05479,580.274,180.5479,45,16.56917,604.6,5.70411,7136.74,6,244,12,3,10,"Lixisols"
22.56273,-33.94333,12.54779,37.05479,580.274,180.5479,45,16.56917,604.6,5.70411,7136.74,6,244,12,3,10,"Lixisols"
22.56273,-33.94333,7.577658,37.05479,580.274,180.5479,45,16.56917,604.6,5.70411,7136.74,6,244,12,3,10,"Lixisols"
22.56273,-33.94333,15.86207,37.05479,580.274,180.5479,5,16.56917,604.6,5.70411,7136.74,6,244,12,3,10,"Lixisols"
22.56273,-33.94333,12.74895,37.05479,580.274,180.5479,15,16.56917,604.6,5.70411,7136.74,6,244,12,3,10,"Lixisols"
22.56273,-33.94333,7.538829,37.05479,580.274,180.5479,45,16.56917,604.6,5.70411,7136.74,6,244,12,3,10,"Lixisols"
22.56273,-33.94333,6.896552,37.05479,580.274,180.5479,5,16.56917,604.6,5.70411,7136.74,6,244,12,3,10,"Lixisols"
22.56273,-33.94333,6.790997,37.05479,580.274,180.5479,15,16.56917,604.6,5.70411,7136.74,6,244,12,3,10,"Lixisols"
22.56273,-33.94333,1.448626,37.05479,580.274,180.5479,45,16.56917,604.6,5.70411,7136.74,6,244,12,3,10,"Lixisols"
18.39828,-34.07611,41.18,4.25,558.1159,217.1014,10,15.13333,635.25,4.82,8777.756,5,464,12,15,13,"Arenosols"
-58.3,-37.75,665,37,420,250,7.5,14,828,6.2,8635.111,1,134,5,1,9,"Phaeozems"
-73.0135,-37.8077,799.84,4.2,536,250,2.5,14.1,1084,5.1,15338.55,5,1230,5,8,11,"Andosols"
-73.0138,-37.809,1229.99,4.2,533.7838,250,2.5,14.1,1084,5.1,15338.55,5,1230,5,8,11,"Andosols"
-72.03,-39.5,2000,120,502.8947,150,10,11,4550,4.7,11506.9,25,759,3,13,4,"Andosols"
-72.03,-39.5,1490,133,502.8947,150,10,11,4550,5.1,11506.9,25,759,3,13,4,"Andosols"
-72.09167,-39.56667,2028,120,464.7368,200,9,11,4550,4.7,11506.9,9,372,0,13,4,"Andosols"
-72.09167,-39.56667,2157,120,464.7368,200,9,11,4550,5.3,11506.9,9,372,0,13,4,"Andosols"
-72.15,-39.63,1450,128,409.3421,260,10,11,4550,5.4,11506.9,10,348,5,13,4,"Andosols"
-72.15,-39.63,1550,169,409.3421,260,10,11,4550,5.2,11506.9,10,348,5,13,4,"Andosols"
-71.5,-39.7,494,69,650,100,7.5,7.8,2000,6.2,9445.25,17,1236,3,8,4,"Andosols"
-71.5,-39.7,720,74,650,100,7.5,8.266667,1100,7.1,9445.25,17,1236,3,8,4,"Andosols"
-71.5,-39.7,652,49,650,100,7.5,7.1,1033.333,6,9445.25,17,1236,3,8,4,"Andosols"
-73.133,-40.283,1074,75,410.3896,290,10,11.3,1484,5,13602.45,4,44,12,3,11,"Andosols"
-71.6,-40.5,611,75,650,100,7.5,7.766667,1633.333,6.1,7305.842,24,1009,3,10,4,"Andosols"
-71.6,-40.5,964,142,650,100,7.5,5.866667,1266.667,6,7305.842,24,1009,3,10,4,"Andosols"
-71.6,-40.5,651,89,650,100,7.5,8.3,2006.667,5.7,7305.842,24,1009,3,10,4,"Andosols"
-71.6,-40.5,1072,136,650,100,7.5,8.5,2006.667,6.4,7305.842,24,1009,3,10,4,"Andosols"
-73.55,-40.567,737,91,442.1795,250,10,9.7,1860,5,13034.77,1,51,12,8,13,"Andosols"
-73.083,-40.633,1414,110,390.2564,190,10,11.1,1381,5.190476,14654.71,0,74,12,3,8,"Andosols"
-72.75,-40.717,882,421,344.8718,230,10,11.3,1719,5,13900.46,0,167,5,3,11,"Andosols"
-72.25,-40.733,456,103,900,50,10,7.6,2054,4.904762,9710.349,6,906,5,12,4,"Andosols"
-72.367,-40.767,961,154,538.7342,160,10,11,2107,5.380952,9710.349,15,688,5,12,4,"Andosols"
-72.2,-40.767,355,55,900,50,10,7.6,2054,4.904762,9710.349,18,1305,3,12,4,"Andosols"
-73.15,-40.9,1010,80,396.8354,220,10,10.8,1462,5.47619,14654.71,1,111,12,3,8,"Andosols"
-71.3,-41,589,108,650,100,7.5,8.133333,1750,6.3,4494.923,6,979,5,3,4,"Andosols"
-71.3,-41,724,54,650,100,7.5,8.166667,1500,6.2,4494.923,6,979,5,3,4,"Andosols"
-71.3,-41,735,70,650,100,7.5,8.2,616.6667,6.9,4494.923,6,979,5,3,4,"Andosols"
